--
-- PostgreSQL database dump
--

-- Dumped from database version 16.6 (Homebrew)
-- Dumped by pg_dump version 16.6 (Homebrew)

SET statement_timeout = 0;
SET lock_timeout = 0;
SET idle_in_transaction_session_timeout = 0;
SET client_encoding = 'UTF8';
SET standard_conforming_strings = on;
SELECT pg_catalog.set_config('search_path', '', false);
SET check_function_bodies = false;
SET xmloption = content;
SET client_min_messages = warning;
SET row_security = off;

--
-- Name: public; Type: SCHEMA; Schema: -; Owner: postgres
--

-- *not* creating schema, since initdb creates it


ALTER SCHEMA public OWNER TO postgres;

--
-- Name: SCHEMA public; Type: COMMENT; Schema: -; Owner: postgres
--

COMMENT ON SCHEMA public IS '';


SET default_tablespace = '';

SET default_table_access_method = heap;

--
-- Name: card_entity; Type: TABLE; Schema: public; Owner: postgres
--

CREATE TABLE public.card_entity (
    id bigint NOT NULL,
    bank_account_number character varying(255),
    card_color character varying(255),
    card_icon character varying(255),
    card_name character varying(255),
    card_number character varying(255),
    card_type character varying(255),
    category_name character varying(255),
    created_at timestamp(6) without time zone,
    cvv character varying(255),
    expiry_date date,
    is_closed boolean,
    is_paused boolean,
    is_pinned boolean,
    is_shared boolean,
    latitude double precision,
    limit_set_at timestamp(6) without time zone,
    longitude double precision,
    merchant_name character varying(255),
    per_day double precision,
    per_month double precision,
    per_transaction double precision,
    per_week double precision,
    per_year double precision,
    radius double precision,
    remaining_limit double precision,
    spending_limit double precision,
    total double precision,
    updated_at timestamp(6) without time zone,
    user_id bigint NOT NULL
);


ALTER TABLE public.card_entity OWNER TO postgres;

--
-- Name: card_entity_id_seq; Type: SEQUENCE; Schema: public; Owner: postgres
--

ALTER TABLE public.card_entity ALTER COLUMN id ADD GENERATED BY DEFAULT AS IDENTITY (
    SEQUENCE NAME public.card_entity_id_seq
    START WITH 1
    INCREMENT BY 1
    NO MINVALUE
    NO MAXVALUE
    CACHE 1
);


--
-- Name: chat_entity; Type: TABLE; Schema: public; Owner: postgres
--

CREATE TABLE public.chat_entity (
    id bigint NOT NULL,
    user_id bigint NOT NULL
);


ALTER TABLE public.chat_entity OWNER TO postgres;

--
-- Name: chat_entity_id_seq; Type: SEQUENCE; Schema: public; Owner: postgres
--

ALTER TABLE public.chat_entity ALTER COLUMN id ADD GENERATED BY DEFAULT AS IDENTITY (
    SEQUENCE NAME public.chat_entity_id_seq
    START WITH 1
    INCREMENT BY 1
    NO MINVALUE
    NO MAXVALUE
    CACHE 1
);


--
-- Name: messages_entity; Type: TABLE; Schema: public; Owner: postgres
--

CREATE TABLE public.messages_entity (
    id bigint NOT NULL,
    message_content character varying(255),
    sender_id bigint,
    sent_at timestamp(6) without time zone,
    chat_id bigint
);


ALTER TABLE public.messages_entity OWNER TO postgres;

--
-- Name: messages_entity_id_seq; Type: SEQUENCE; Schema: public; Owner: postgres
--

ALTER TABLE public.messages_entity ALTER COLUMN id ADD GENERATED BY DEFAULT AS IDENTITY (
    SEQUENCE NAME public.messages_entity_id_seq
    START WITH 1
    INCREMENT BY 1
    NO MINVALUE
    NO MAXVALUE
    CACHE 1
);


--
-- Name: notification_entity; Type: TABLE; Schema: public; Owner: postgres
--

CREATE TABLE public.notification_entity (
    id bigint NOT NULL,
    body text NOT NULL,
    created_at timestamp(6) without time zone NOT NULL,
    data jsonb,
    read boolean NOT NULL,
    title character varying(255) NOT NULL,
    user_id bigint NOT NULL
);


ALTER TABLE public.notification_entity OWNER TO postgres;

--
-- Name: notification_entity_id_seq; Type: SEQUENCE; Schema: public; Owner: postgres
--

ALTER TABLE public.notification_entity ALTER COLUMN id ADD GENERATED BY DEFAULT AS IDENTITY (
    SEQUENCE NAME public.notification_entity_id_seq
    START WITH 1
    INCREMENT BY 1
    NO MINVALUE
    NO MAXVALUE
    CACHE 1
);


--
-- Name: plan_entity; Type: TABLE; Schema: public; Owner: postgres
--

CREATE TABLE public.plan_entity (
    id bigint NOT NULL,
    daily_spend_limit double precision NOT NULL,
    has_category_locking boolean NOT NULL,
    has_location_locking boolean NOT NULL,
    has_merchant_locking boolean NOT NULL,
    monthly_card_issuance_limit integer NOT NULL,
    monthly_spend_limit double precision NOT NULL,
    name character varying(255) NOT NULL,
    price double precision NOT NULL
);


ALTER TABLE public.plan_entity OWNER TO postgres;

--
-- Name: plan_entity_id_seq; Type: SEQUENCE; Schema: public; Owner: postgres
--

ALTER TABLE public.plan_entity ALTER COLUMN id ADD GENERATED BY DEFAULT AS IDENTITY (
    SEQUENCE NAME public.plan_entity_id_seq
    START WITH 1
    INCREMENT BY 1
    NO MINVALUE
    NO MAXVALUE
    CACHE 1
);


--
-- Name: shared_card_entity; Type: TABLE; Schema: public; Owner: postgres
--

CREATE TABLE public.shared_card_entity (
    id bigint NOT NULL,
    expires_at timestamp(6) without time zone,
    shared_at timestamp(6) without time zone,
    card_id bigint,
    user_id bigint NOT NULL
);


ALTER TABLE public.shared_card_entity OWNER TO postgres;

--
-- Name: shared_card_entity_id_seq; Type: SEQUENCE; Schema: public; Owner: postgres
--

ALTER TABLE public.shared_card_entity ALTER COLUMN id ADD GENERATED BY DEFAULT AS IDENTITY (
    SEQUENCE NAME public.shared_card_entity_id_seq
    START WITH 1
    INCREMENT BY 1
    NO MINVALUE
    NO MAXVALUE
    CACHE 1
);


--
-- Name: subscription_entity; Type: TABLE; Schema: public; Owner: postgres
--

CREATE TABLE public.subscription_entity (
    id bigint NOT NULL,
    amount double precision NOT NULL,
    billing_cycle character varying(255) NOT NULL,
    category character varying(255) NOT NULL,
    is_active boolean NOT NULL,
    last_charge_date timestamp(6) without time zone NOT NULL,
    merchant character varying(255) NOT NULL,
    next_charge_date timestamp(6) without time zone NOT NULL,
    card_id bigint NOT NULL,
    user_id bigint NOT NULL
);


ALTER TABLE public.subscription_entity OWNER TO postgres;

--
-- Name: subscription_entity_id_seq; Type: SEQUENCE; Schema: public; Owner: postgres
--

ALTER TABLE public.subscription_entity ALTER COLUMN id ADD GENERATED BY DEFAULT AS IDENTITY (
    SEQUENCE NAME public.subscription_entity_id_seq
    START WITH 1
    INCREMENT BY 1
    NO MINVALUE
    NO MAXVALUE
    CACHE 1
);


--
-- Name: transaction_entity; Type: TABLE; Schema: public; Owner: postgres
--

CREATE TABLE public.transaction_entity (
    id bigint NOT NULL,
    amount double precision NOT NULL,
    category character varying(255) NOT NULL,
    created_at timestamp(6) without time zone NOT NULL,
    decline_reason text,
    description text,
    is_recurring boolean NOT NULL,
    latitude double precision,
    longitude double precision,
    merchant character varying(255) NOT NULL,
    status character varying(255) NOT NULL,
    type character varying(255) NOT NULL,
    card_id bigint NOT NULL,
    user_id bigint NOT NULL
);


ALTER TABLE public.transaction_entity OWNER TO postgres;

--
-- Name: transaction_entity_id_seq; Type: SEQUENCE; Schema: public; Owner: postgres
--

ALTER TABLE public.transaction_entity ALTER COLUMN id ADD GENERATED BY DEFAULT AS IDENTITY (
    SEQUENCE NAME public.transaction_entity_id_seq
    START WITH 1
    INCREMENT BY 1
    NO MINVALUE
    NO MAXVALUE
    CACHE 1
);


--
-- Name: user_entity; Type: TABLE; Schema: public; Owner: postgres
--

CREATE TABLE public.user_entity (
    id bigint NOT NULL,
    auto_renewal boolean NOT NULL,
    bank_account_number character varying(255),
    bank_account_username character varying(255),
    civil_id character varying(255),
    created_at timestamp(6) without time zone NOT NULL,
    current_daily_spend double precision NOT NULL,
    current_month_card_issuance integer NOT NULL,
    current_monthly_spend double precision NOT NULL,
    daily_spend_limit double precision NOT NULL,
    date_of_birth date,
    department character varying(255),
    email character varying(255) NOT NULL,
    first_name character varying(255) NOT NULL,
    gender character varying(255),
    is_active boolean,
    last_name character varying(255),
    last_spend_reset timestamp(6) without time zone NOT NULL,
    monthly_card_issuance_limit integer NOT NULL,
    monthly_spend_limit double precision NOT NULL,
    notification_enabled boolean NOT NULL,
    notification_token character varying(255),
    password character varying(255) NOT NULL,
    permission character varying(255),
    phone_number character varying(255) NOT NULL,
    plan character varying(255),
    plan_end_date timestamp(6) without time zone,
    plan_start_date timestamp(6) without time zone,
    profile_pic character varying(255),
    role character varying(255)
);


ALTER TABLE public.user_entity OWNER TO postgres;

--
-- Name: user_entity_id_seq; Type: SEQUENCE; Schema: public; Owner: postgres
--

ALTER TABLE public.user_entity ALTER COLUMN id ADD GENERATED BY DEFAULT AS IDENTITY (
    SEQUENCE NAME public.user_entity_id_seq
    START WITH 1
    INCREMENT BY 1
    NO MINVALUE
    NO MAXVALUE
    CACHE 1
);


--
-- Data for Name: card_entity; Type: TABLE DATA; Schema: public; Owner: postgres
--

COPY public.card_entity (id, bank_account_number, card_color, card_icon, card_name, card_number, card_type, category_name, created_at, cvv, expiry_date, is_closed, is_paused, is_pinned, is_shared, latitude, limit_set_at, longitude, merchant_name, per_day, per_month, per_transaction, per_week, per_year, radius, remaining_limit, spending_limit, total, updated_at, user_id) FROM stdin;
1	\N	#f9f184	🎧	Audible Trial	4707350151393865	BURNER	\N	2025-02-17 14:06:25.415087	544	2028-02-17	f	f	\N	\N	\N	2025-02-17 14:06:25.413041	\N	\N	\N	\N	\N	\N	\N	\N	\N	\N	1	2025-02-17 14:06:25.415101	1
2	\N	#9e1313	🍿	Netflix	4707350093745134	MERCHANT_LOCKED	\N	2025-02-17 14:09:34.307663	849	2028-02-17	f	f	\N	\N	\N	2025-02-17 14:09:34.305739	\N	\N	\N	5	\N	\N	\N	\N	\N	\N	\N	2025-02-17 14:09:34.307676	1
3	\N	#bfbfea	🛏️	Home	4707350797612656	CATEGORY_LOCKED	FURNITURE	2025-02-17 14:12:02.804384	895	2028-02-17	f	f	\N	\N	\N	2025-02-17 14:12:02.802817	\N	\N	\N	\N	\N	50	\N	\N	\N	\N	\N	2025-02-17 14:12:02.804396	1
8	\N	#ff6528	☠️	Temu	4707350322497753	BURNER	\N	2025-02-17 14:31:38.698557	700	2028-02-17	f	f	\N	\N	\N	2025-02-17 14:31:38.696825	\N	\N	\N	\N	10	\N	\N	\N	\N	\N	\N	2025-02-17 14:31:38.698566	1
7	\N	#273462	🖥️	Work	4707350495557707	LOCATION_LOCKED	\N	2025-02-17 14:21:06.016332	163	2028-02-17	f	f	\N	\N	29.357975051948923	2025-02-17 14:47:39.107999	47.907233112119556	\N	23	\N	\N	\N	\N	2.1000001430511475	\N	\N	\N	2025-02-17 14:48:54.428426	1
6	\N	#402550	💻	Xcite	4707350492354173	MERCHANT_LOCKED	\N	2025-02-17 14:19:30.836684	495	2028-02-17	f	t	\N	\N	\N	2025-02-17 14:43:43.528591	\N	X-cite by Alghanim Electronics	\N	\N	100	\N	\N	\N	\N	\N	\N	2025-02-17 14:52:35.620613	1
9	\N	#40c069	📺	Hulu	4707350563043182	MERCHANT_LOCKED	\N	2025-02-17 14:53:01.174332	204	2028-02-17	f	f	\N	\N	\N	2025-02-17 14:53:01.173978	\N	Hulu	\N	12	\N	\N	\N	\N	\N	\N	\N	2025-02-17 14:59:54.881689	1
4	\N	#232F3E	🇬🇧	London Trip	4707350910841755	LOCATION_LOCKED	\N	2025-02-17 14:14:54.455872	506	2028-02-17	f	t	\N	\N	51.50109042084055	2025-02-17 14:14:54.455073	-0.08930333768947743	\N	\N	\N	\N	\N	\N	30	\N	\N	500	2025-02-17 15:04:38.383539	1
5	\N	#a5d6b4	🛒	Groceries	4707350604480687	CATEGORY_LOCKED	GROCERIES	2025-02-17 14:17:07.022838	292	2028-02-17	f	f	\N	\N	\N	2025-02-17 14:17:07.021438	\N	\N	\N	\N	\N	50	\N	\N	\N	\N	\N	2025-02-17 15:13:38.609599	1
10	\N	#8c8c8c	🍏	TV+	4707350921664059	MERCHANT_LOCKED	\N	2025-02-17 15:13:36.367359	830	2028-02-17	f	f	\N	\N	\N	2025-02-17 15:14:27.128228	\N	Apple TV+	\N	8	\N	\N	\N	\N	\N	\N	\N	2025-02-17 15:14:27.129207	1
11	\N	#121212	📖	Anime	4707350331671365	MERCHANT_LOCKED	\N	2025-02-17 15:20:17.031791	172	2028-02-17	f	f	\N	\N	\N	2025-02-17 15:20:17.030555	\N	Crunchyroll	\N	5	\N	\N	\N	\N	\N	\N	\N	2025-02-17 15:20:41.536777	1
\.


--
-- Data for Name: chat_entity; Type: TABLE DATA; Schema: public; Owner: postgres
--

COPY public.chat_entity (id, user_id) FROM stdin;
\.


--
-- Data for Name: messages_entity; Type: TABLE DATA; Schema: public; Owner: postgres
--

COPY public.messages_entity (id, message_content, sender_id, sent_at, chat_id) FROM stdin;
\.


--
-- Data for Name: notification_entity; Type: TABLE DATA; Schema: public; Owner: postgres
--

COPY public.notification_entity (id, body, created_at, data, read, title, user_id) FROM stdin;
1	Your plan has been upgraded to premium	2025-02-17 14:10:21.899515	{"planName": "PREMIUM", "autoRenewal": false, "planEndDate": [2025, 3, 19, 14, 10, 21, 899307000], "planStartDate": [2025, 2, 17, 14, 10, 21, 899307000], "dailySpendLimit": 2000.0, "monthlyCardLimit": 50, "monthlySpendLimit": 20000.0}	f	Plan Upgraded	1
2	Auto-renewal has been enabled for your premium plan.	2025-02-17 14:10:32.097675	{"autoRenewal": true}	f	Auto-Renewal Enabled	1
3	Auto-renewal has been disabled for your premium plan.	2025-02-17 14:10:35.921636	{"autoRenewal": false}	f	Auto-Renewal Disabled	1
4	Payment of KD 69.90 at X-cite by Alghanim Electronics was approved.	2025-02-17 14:40:21.439009	{"amount": 69.9, "cardId": 6, "status": "APPROVED", "merchant": "X-cite by Alghanim Electronics", "transactionId": 1}	f	Transaction Approved	1
5	Payment of KD 149.90 at X-cite by Alghanim Electronics was declined. Card is paused	2025-02-17 14:42:43.350942	{"amount": 149.9, "cardId": 6, "reason": "Card is paused", "status": "DECLINED", "merchant": "X-cite by Alghanim Electronics", "transactionId": 2}	f	Transaction Declined	1
6	Payment of KD 119.70 at X-cite by Alghanim Electronics was declined. Transaction amount exceeds per-transaction limit	2025-02-17 14:44:09.740558	{"amount": 119.7, "cardId": 6, "reason": "Transaction amount exceeds per-transaction limit", "status": "DECLINED", "merchant": "X-cite by Alghanim Electronics", "transactionId": 3}	f	Transaction Declined	1
7	Payment of KD 89.90 at X-cite by Alghanim Electronics was approved.	2025-02-17 14:44:27.683374	{"amount": 89.9, "cardId": 6, "status": "APPROVED", "merchant": "X-cite by Alghanim Electronics", "transactionId": 4}	f	Transaction Approved	1
8	Payment of KD 13.90 at Boots was declined. Card can only be used for category: FURNITURE	2025-02-17 14:44:55.767336	{"amount": 13.9, "cardId": 3, "reason": "Card can only be used for category: FURNITURE", "status": "DECLINED", "merchant": "Boots", "transactionId": 5}	f	Transaction Declined	1
9	Payment of KD 29.90 at Home Centre was approved.	2025-02-17 14:45:28.350369	{"amount": 29.9, "cardId": 3, "status": "APPROVED", "merchant": "Home Centre", "transactionId": 6}	f	Transaction Approved	1
10	Payment of KD 17.90 at Home Centre was approved.	2025-02-17 14:45:45.011089	{"amount": 17.9, "cardId": 3, "status": "APPROVED", "merchant": "Home Centre", "transactionId": 7}	f	Transaction Approved	1
11	Payment of KD 20.90 at Backyard was declined. Transaction amount exceeds daily limit	2025-02-17 14:47:20.329197	{"amount": 20.9, "cardId": 7, "reason": "Transaction amount exceeds daily limit", "status": "DECLINED", "merchant": "Backyard", "transactionId": 8}	f	Transaction Declined	1
12	Payment of KD 20.90 at Backyard was declined. Location coordinates required for this card type	2025-02-17 14:47:45.429851	{"amount": 20.9, "cardId": 7, "reason": "Location coordinates required for this card type", "status": "DECLINED", "merchant": "Backyard", "transactionId": 9}	f	Transaction Declined	1
13	Payment of KD 20.90 at Backyard was declined. Location coordinates required for this card type	2025-02-17 14:48:29.405608	{"amount": 20.9, "cardId": 7, "reason": "Location coordinates required for this card type", "status": "DECLINED", "merchant": "Backyard", "transactionId": 10}	f	Transaction Declined	1
14	Payment of KD 20.90 at Backyard was declined. Location coordinates required for this card type	2025-02-17 14:49:42.283135	{"amount": 20.9, "cardId": 7, "reason": "Location coordinates required for this card type", "status": "DECLINED", "merchant": "Backyard", "transactionId": 11}	f	Transaction Declined	1
15	Payment of KD 39.60 at The Sultan Center was approved.	2025-02-17 14:51:02.28074	{"amount": 39.6, "cardId": 5, "status": "APPROVED", "merchant": "The Sultan Center", "transactionId": 12}	f	Transaction Approved	1
16	Payment of KD 4.90 at Hulu was approved.	2025-02-17 14:59:54.910148	{"amount": 4.9, "cardId": 9, "status": "APPROVED", "merchant": "Hulu", "transactionId": 13}	f	Transaction Approved	1
17	Payment of KD 89.90 at X-cite by Alghanim Electronics was declined. Card is paused	2025-02-17 15:07:21.662964	{"amount": 89.9, "cardId": 6, "reason": "Card is paused", "status": "DECLINED", "merchant": "X-cite by Alghanim Electronics", "transactionId": 14}	f	Transaction Declined	1
18	Payment of KD 6.90 at Apple TV+ was approved.	2025-02-17 15:14:16.133007	{"amount": 6.9, "cardId": 10, "status": "APPROVED", "merchant": "Apple TV+", "transactionId": 15}	f	Transaction Approved	1
19	Payment of KD 3.90 at Crunchyroll was approved.	2025-02-17 15:20:41.548189	{"amount": 3.9, "cardId": 11, "status": "APPROVED", "merchant": "Crunchyroll", "transactionId": 16}	f	Transaction Approved	1
\.


--
-- Data for Name: plan_entity; Type: TABLE DATA; Schema: public; Owner: postgres
--

COPY public.plan_entity (id, daily_spend_limit, has_category_locking, has_location_locking, has_merchant_locking, monthly_card_issuance_limit, monthly_spend_limit, name, price) FROM stdin;
1	500	f	f	t	10	5000	BASIC	0
2	2000	t	t	t	50	20000	PREMIUM	5
\.


--
-- Data for Name: shared_card_entity; Type: TABLE DATA; Schema: public; Owner: postgres
--

COPY public.shared_card_entity (id, expires_at, shared_at, card_id, user_id) FROM stdin;
\.


--
-- Data for Name: subscription_entity; Type: TABLE DATA; Schema: public; Owner: postgres
--

COPY public.subscription_entity (id, amount, billing_cycle, category, is_active, last_charge_date, merchant, next_charge_date, card_id, user_id) FROM stdin;
1	4.9	MONTHLY	Entertainment	t	2025-02-17 14:59:54.884846	Hulu	2025-03-17 14:59:54.884846	9	1
2	6.9	MONTHLY	Entertainment	t	2025-02-17 15:14:16.126357	Apple TV+	2025-03-17 15:14:16.126357	10	1
3	3.9	MONTHLY	Entertainment	t	2025-02-17 15:20:41.538236	Crunchyroll	2025-03-17 15:20:41.538236	11	1
\.


--
-- Data for Name: transaction_entity; Type: TABLE DATA; Schema: public; Owner: postgres
--

COPY public.transaction_entity (id, amount, category, created_at, decline_reason, description, is_recurring, latitude, longitude, merchant, status, type, card_id, user_id) FROM stdin;
13	4.9	Entertainment	2025-02-04 14:59:54.884846	\N	{"type":"SUBSCRIPTION","amount":"4.900","error":"Failed to generate full description"}	t	29.357940435891187	47.907239435748785	Hulu	APPROVED	SUBSCRIPTION	9	1
14	89.9	Electronics	2025-02-17 15:07:21.656112	Card is paused	{"type":"STORE_PURCHASE","merchant":{"name":"X-cite by Alghanim Electronics","category":"Electronics","description":null,"location":{"latitude":29.35795549181917,"longitude":47.90718431201225}},"items":[{"id":1,"name":"Apple AirPods Pro","quantity":1,"unitPrice":"89.900","totalPrice":"89.900","category":"Audio","details":{"image":null,"description":null,"stock":null}}],"itemsSummary":{"count":1,"totalItems":1,"categories":["Audio"]},"payment":{"method":"CARD","subtotal":"89.900","shipping":"0.000","total":"89.900","currency":"KWD","isRecurring":false}}	f	29.35795549181917	47.90718431201225	X-cite by Alghanim Electronics	DECLINED	STORE_PURCHASE	6	1
16	3.9	Entertainment	2025-02-17 15:20:41.538236	\N	{"type":"SUBSCRIPTION","amount":"3.900","error":"Failed to generate full description"}	t	29.357950329345037	47.90720010270242	Crunchyroll	APPROVED	SUBSCRIPTION	11	1
15	6.9	Entertainment	2025-02-07 15:14:16.126357	\N	{"type":"SUBSCRIPTION","amount":"6.900","error":"Failed to generate full description"}	t	29.357939911507113	47.907317347130586	Apple TV+	APPROVED	SUBSCRIPTION	10	1
10	20.9	Restaurant	2025-02-14 14:48:29.397395	Location coordinates required for this card type	{"type":"STORE_PURCHASE","merchant":{"name":"Backyard","category":"Restaurant","description":null,"location":{"latitude":null,"longitude":null}},"items":[{"id":3,"name":"BBQ Ribs","quantity":1,"unitPrice":"15.900","totalPrice":"15.900","category":"BBQ","details":{"image":null,"description":null,"stock":null}}],"itemsSummary":{"count":1,"totalItems":1,"categories":["BBQ"]},"payment":{"method":"CARD","subtotal":"15.900","shipping":"5.000","total":"20.900","currency":"KWD","isRecurring":false}}	f	\N	\N	Backyard	DECLINED	STORE_PURCHASE	7	1
4	89.9	Electronics	2025-02-06 14:44:27.673266	\N	{"type":"STORE_PURCHASE","merchant":{"name":"X-cite by Alghanim Electronics","category":"Electronics","description":null,"location":{"latitude":null,"longitude":null}},"items":[{"id":1,"name":"Apple AirPods Pro","quantity":1,"unitPrice":"89.900","totalPrice":"89.900","category":"Audio","details":{"image":null,"description":null,"stock":null}}],"itemsSummary":{"count":1,"totalItems":1,"categories":["Audio"]},"payment":{"method":"CARD","subtotal":"89.900","shipping":"0.000","total":"89.900","currency":"KWD","isRecurring":false}}	f	\N	\N	X-cite by Alghanim Electronics	APPROVED	STORE_PURCHASE	6	1
5	13.9	Health	2025-02-08 14:44:55.759379	Card can only be used for category: FURNITURE	{"type":"STORE_PURCHASE","merchant":{"name":"Boots","category":"Health","description":null,"location":{"latitude":null,"longitude":null}},"items":[{"id":2,"name":"CeraVe Moisturizer","quantity":1,"unitPrice":"8.900","totalPrice":"8.900","category":"Skincare","details":{"image":null,"description":null,"stock":null}}],"itemsSummary":{"count":1,"totalItems":1,"categories":["Skincare"]},"payment":{"method":"CARD","subtotal":"8.900","shipping":"5.000","total":"13.900","currency":"KWD","isRecurring":false}}	f	\N	\N	Boots	DECLINED	STORE_PURCHASE	3	1
9	20.9	Restaurant	2025-02-14 14:47:45.425176	Location coordinates required for this card type	{"type":"STORE_PURCHASE","merchant":{"name":"Backyard","category":"Restaurant","description":null,"location":{"latitude":null,"longitude":null}},"items":[{"id":3,"name":"BBQ Ribs","quantity":1,"unitPrice":"15.900","totalPrice":"15.900","category":"BBQ","details":{"image":null,"description":null,"stock":null}}],"itemsSummary":{"count":1,"totalItems":1,"categories":["BBQ"]},"payment":{"method":"CARD","subtotal":"15.900","shipping":"5.000","total":"20.900","currency":"KWD","isRecurring":false}}	f	\N	\N	Backyard	DECLINED	STORE_PURCHASE	7	1
7	17.9	Furniture	2025-02-13 14:45:45.0032	\N	{"type":"STORE_PURCHASE","merchant":{"name":"Home Centre","category":"Furniture","description":null,"location":{"latitude":29.35794991837114,"longitude":47.907170221960385}},"items":[{"id":1,"name":"Decorative Vase","quantity":1,"unitPrice":"12.900","totalPrice":"12.900","category":"Decorative","details":{"image":null,"description":null,"stock":null}}],"itemsSummary":{"count":1,"totalItems":1,"categories":["Decorative"]},"payment":{"method":"CARD","subtotal":"12.900","shipping":"5.000","total":"17.900","currency":"KWD","isRecurring":false}}	f	29.35794991837114	47.907170221960385	Home Centre	APPROVED	STORE_PURCHASE	3	1
1	69.9	Electronics	2025-02-03 14:40:21.42018	\N	{"type":"STORE_PURCHASE","merchant":{"name":"X-cite by Alghanim Electronics","category":"Electronics","description":null,"location":{"latitude":null,"longitude":null}},"items":[{"id":6,"name":"Razer BlackWidow V4","quantity":1,"unitPrice":"69.900","totalPrice":"69.900","category":"Gaming","details":{"image":null,"description":null,"stock":null}}],"itemsSummary":{"count":1,"totalItems":1,"categories":["Gaming"]},"payment":{"method":"CARD","subtotal":"69.900","shipping":"0.000","total":"69.900","currency":"KWD","isRecurring":false}}	f	\N	\N	X-cite by Alghanim Electronics	APPROVED	STORE_PURCHASE	6	1
2	149.9	Electronics	2025-02-03 14:42:43.347374	Card is paused	{"type":"STORE_PURCHASE","merchant":{"name":"X-cite by Alghanim Electronics","category":"Electronics","description":null,"location":{"latitude":29.35798443186679,"longitude":47.90715607636023}},"items":[{"id":2,"name":"Apple Watch Series 9","quantity":1,"unitPrice":"149.900","totalPrice":"149.900","category":"Wearables","details":{"image":null,"description":null,"stock":null}}],"itemsSummary":{"count":1,"totalItems":1,"categories":["Wearables"]},"payment":{"method":"CARD","subtotal":"149.900","shipping":"0.000","total":"149.900","currency":"KWD","isRecurring":false}}	f	29.35798443186679	47.90715607636023	X-cite by Alghanim Electronics	DECLINED	STORE_PURCHASE	6	1
12	39.6	Groceries	2025-02-15 14:51:02.270592	\N	{"type":"STORE_PURCHASE","merchant":{"name":"The Sultan Center","category":"Groceries","description":null,"location":{"latitude":29.357953516354872,"longitude":47.90719629840267}},"items":[{"id":2,"name":"TSC Extra Virgin Olive Oil","quantity":1,"unitPrice":"6.900","totalPrice":"6.900","category":"Cooking","details":{"image":null,"description":null,"stock":null}},{"id":1,"name":"TSC Premium Arabic Coffee","quantity":1,"unitPrice":"4.900","totalPrice":"4.900","category":"Beverages","details":{"image":null,"description":null,"stock":null}},{"id":6,"name":"Sidr Honey","quantity":1,"unitPrice":"12.900","totalPrice":"12.900","category":"Condiments","details":{"image":null,"description":null,"stock":null}},{"id":4,"name":"Premium Ajwa Dates","quantity":1,"unitPrice":"9.900","totalPrice":"9.900","category":"Dried Fruits","details":{"image":null,"description":null,"stock":null}}],"itemsSummary":{"count":4,"totalItems":4,"categories":["Cooking","Beverages","Condiments","Dried Fruits"]},"payment":{"method":"CARD","subtotal":"34.600","shipping":"5.000","total":"39.600","currency":"KWD","isRecurring":false}}	f	29.357953516354872	47.90719629840267	The Sultan Center	APPROVED	STORE_PURCHASE	5	1
11	20.9	Restaurant	2025-02-14 14:49:42.278392	Location coordinates required for this card type	{"type":"STORE_PURCHASE","merchant":{"name":"Backyard","category":"Restaurant","description":null,"location":{"latitude":null,"longitude":null}},"items":[{"id":3,"name":"BBQ Ribs","quantity":1,"unitPrice":"15.900","totalPrice":"15.900","category":"BBQ","details":{"image":null,"description":null,"stock":null}}],"itemsSummary":{"count":1,"totalItems":1,"categories":["BBQ"]},"payment":{"method":"CARD","subtotal":"15.900","shipping":"5.000","total":"20.900","currency":"KWD","isRecurring":false}}	f	\N	\N	Backyard	DECLINED	STORE_PURCHASE	7	1
8	20.9	Restaurant	2025-02-13 14:47:20.321677	Transaction amount exceeds daily limit	{"type":"STORE_PURCHASE","merchant":{"name":"Backyard","category":"Restaurant","description":null,"location":{"latitude":null,"longitude":null}},"items":[{"id":3,"name":"BBQ Ribs","quantity":1,"unitPrice":"15.900","totalPrice":"15.900","category":"BBQ","details":{"image":null,"description":null,"stock":null}}],"itemsSummary":{"count":1,"totalItems":1,"categories":["BBQ"]},"payment":{"method":"CARD","subtotal":"15.900","shipping":"5.000","total":"20.900","currency":"KWD","isRecurring":false}}	f	\N	\N	Backyard	DECLINED	STORE_PURCHASE	7	1
3	119.7	Electronics	2025-02-05 14:44:09.733593	Transaction amount exceeds per-transaction limit	{"type":"STORE_PURCHASE","merchant":{"name":"X-cite by Alghanim Electronics","category":"Electronics","description":null,"location":{"latitude":null,"longitude":null}},"items":[{"id":3,"name":"JBL Flip 6","quantity":3,"unitPrice":"39.900","totalPrice":"119.700","category":"Audio","details":{"image":null,"description":null,"stock":null}}],"itemsSummary":{"count":1,"totalItems":3,"categories":["Audio"]},"payment":{"method":"CARD","subtotal":"119.700","shipping":"0.000","total":"119.700","currency":"KWD","isRecurring":false}}	f	\N	\N	X-cite by Alghanim Electronics	DECLINED	STORE_PURCHASE	6	1
6	29.9	Furniture	2025-02-11 14:45:28.34086	\N	{"type":"STORE_PURCHASE","merchant":{"name":"Home Centre","category":"Furniture","description":null,"location":{"latitude":null,"longitude":null}},"items":[{"id":3,"name":"Wall Art Canvas","quantity":1,"unitPrice":"24.900","totalPrice":"24.900","category":"Wall Decor","details":{"image":null,"description":null,"stock":null}}],"itemsSummary":{"count":1,"totalItems":1,"categories":["Wall Decor"]},"payment":{"method":"CARD","subtotal":"24.900","shipping":"5.000","total":"29.900","currency":"KWD","isRecurring":false}}	f	\N	\N	Home Centre	APPROVED	STORE_PURCHASE	3	1
\.


--
-- Data for Name: user_entity; Type: TABLE DATA; Schema: public; Owner: postgres
--

COPY public.user_entity (id, auto_renewal, bank_account_number, bank_account_username, civil_id, created_at, current_daily_spend, current_month_card_issuance, current_monthly_spend, daily_spend_limit, date_of_birth, department, email, first_name, gender, is_active, last_name, last_spend_reset, monthly_card_issuance_limit, monthly_spend_limit, notification_enabled, notification_token, password, permission, phone_number, plan, plan_end_date, plan_start_date, profile_pic, role) FROM stdin;
1	f	3165068604424064	Meshal	298122200012	2025-02-17 14:02:44.958349	262.9	11	262.9	2000	1998-12-21	\N	meshal@cvrd.com	Meshal	male	t	Almutairi	2025-02-03 14:02:44.946823	50	20000	t	ExponentPushToken[RJlJxqIoFlo4TzRRo-fz2i]	$2a$10$QJgml/20UG.5QPJS2pIBMOgIZDAkbjaCmaAxPPzWFPto1Q.MPgXyO	\N	+96511223344	PREMIUM	2025-03-19 14:10:21.899307	2025-02-17 14:10:21.899307	c8e02006-0636-4659-b3ba-9cfb38e01dd3.jpg	ROLE_USER
\.


--
-- Name: card_entity_id_seq; Type: SEQUENCE SET; Schema: public; Owner: postgres
--

SELECT pg_catalog.setval('public.card_entity_id_seq', 11, true);


--
-- Name: chat_entity_id_seq; Type: SEQUENCE SET; Schema: public; Owner: postgres
--

SELECT pg_catalog.setval('public.chat_entity_id_seq', 1, false);


--
-- Name: messages_entity_id_seq; Type: SEQUENCE SET; Schema: public; Owner: postgres
--

SELECT pg_catalog.setval('public.messages_entity_id_seq', 1, false);


--
-- Name: notification_entity_id_seq; Type: SEQUENCE SET; Schema: public; Owner: postgres
--

SELECT pg_catalog.setval('public.notification_entity_id_seq', 19, true);


--
-- Name: plan_entity_id_seq; Type: SEQUENCE SET; Schema: public; Owner: postgres
--

SELECT pg_catalog.setval('public.plan_entity_id_seq', 2, true);


--
-- Name: shared_card_entity_id_seq; Type: SEQUENCE SET; Schema: public; Owner: postgres
--

SELECT pg_catalog.setval('public.shared_card_entity_id_seq', 1, false);


--
-- Name: subscription_entity_id_seq; Type: SEQUENCE SET; Schema: public; Owner: postgres
--

SELECT pg_catalog.setval('public.subscription_entity_id_seq', 3, true);


--
-- Name: transaction_entity_id_seq; Type: SEQUENCE SET; Schema: public; Owner: postgres
--

SELECT pg_catalog.setval('public.transaction_entity_id_seq', 16, true);


--
-- Name: user_entity_id_seq; Type: SEQUENCE SET; Schema: public; Owner: postgres
--

SELECT pg_catalog.setval('public.user_entity_id_seq', 1, true);


--
-- Name: card_entity card_entity_pkey; Type: CONSTRAINT; Schema: public; Owner: postgres
--

ALTER TABLE ONLY public.card_entity
    ADD CONSTRAINT card_entity_pkey PRIMARY KEY (id);


--
-- Name: chat_entity chat_entity_pkey; Type: CONSTRAINT; Schema: public; Owner: postgres
--

ALTER TABLE ONLY public.chat_entity
    ADD CONSTRAINT chat_entity_pkey PRIMARY KEY (id);


--
-- Name: messages_entity messages_entity_pkey; Type: CONSTRAINT; Schema: public; Owner: postgres
--

ALTER TABLE ONLY public.messages_entity
    ADD CONSTRAINT messages_entity_pkey PRIMARY KEY (id);


--
-- Name: notification_entity notification_entity_pkey; Type: CONSTRAINT; Schema: public; Owner: postgres
--

ALTER TABLE ONLY public.notification_entity
    ADD CONSTRAINT notification_entity_pkey PRIMARY KEY (id);


--
-- Name: plan_entity plan_entity_pkey; Type: CONSTRAINT; Schema: public; Owner: postgres
--

ALTER TABLE ONLY public.plan_entity
    ADD CONSTRAINT plan_entity_pkey PRIMARY KEY (id);


--
-- Name: shared_card_entity shared_card_entity_pkey; Type: CONSTRAINT; Schema: public; Owner: postgres
--

ALTER TABLE ONLY public.shared_card_entity
    ADD CONSTRAINT shared_card_entity_pkey PRIMARY KEY (id);


--
-- Name: subscription_entity subscription_entity_pkey; Type: CONSTRAINT; Schema: public; Owner: postgres
--

ALTER TABLE ONLY public.subscription_entity
    ADD CONSTRAINT subscription_entity_pkey PRIMARY KEY (id);


--
-- Name: transaction_entity transaction_entity_pkey; Type: CONSTRAINT; Schema: public; Owner: postgres
--

ALTER TABLE ONLY public.transaction_entity
    ADD CONSTRAINT transaction_entity_pkey PRIMARY KEY (id);


--
-- Name: plan_entity uk1d1gbyaytnaf03gi70bpb9qk2; Type: CONSTRAINT; Schema: public; Owner: postgres
--

ALTER TABLE ONLY public.plan_entity
    ADD CONSTRAINT uk1d1gbyaytnaf03gi70bpb9qk2 UNIQUE (name);


--
-- Name: user_entity uk4xad1enskw4j1t2866f7sodrx; Type: CONSTRAINT; Schema: public; Owner: postgres
--

ALTER TABLE ONLY public.user_entity
    ADD CONSTRAINT uk4xad1enskw4j1t2866f7sodrx UNIQUE (email);


--
-- Name: user_entity ukknvksb70xgvn1sg6fhj4lq7wt; Type: CONSTRAINT; Schema: public; Owner: postgres
--

ALTER TABLE ONLY public.user_entity
    ADD CONSTRAINT ukknvksb70xgvn1sg6fhj4lq7wt UNIQUE (civil_id);


--
-- Name: user_entity uklm7vhoj8dp427unjmdaxp4jca; Type: CONSTRAINT; Schema: public; Owner: postgres
--

ALTER TABLE ONLY public.user_entity
    ADD CONSTRAINT uklm7vhoj8dp427unjmdaxp4jca UNIQUE (bank_account_number);


--
-- Name: user_entity user_entity_pkey; Type: CONSTRAINT; Schema: public; Owner: postgres
--

ALTER TABLE ONLY public.user_entity
    ADD CONSTRAINT user_entity_pkey PRIMARY KEY (id);


--
-- Name: shared_card_entity fk1r1us2ovg06dd8b46bjfdfqdi; Type: FK CONSTRAINT; Schema: public; Owner: postgres
--

ALTER TABLE ONLY public.shared_card_entity
    ADD CONSTRAINT fk1r1us2ovg06dd8b46bjfdfqdi FOREIGN KEY (user_id) REFERENCES public.user_entity(id);


--
-- Name: card_entity fk5bkjlapt94djacsrc6o6bvghf; Type: FK CONSTRAINT; Schema: public; Owner: postgres
--

ALTER TABLE ONLY public.card_entity
    ADD CONSTRAINT fk5bkjlapt94djacsrc6o6bvghf FOREIGN KEY (user_id) REFERENCES public.user_entity(id);


--
-- Name: chat_entity fk5m6pvsxl6h7jdy3yjg6f5lmp7; Type: FK CONSTRAINT; Schema: public; Owner: postgres
--

ALTER TABLE ONLY public.chat_entity
    ADD CONSTRAINT fk5m6pvsxl6h7jdy3yjg6f5lmp7 FOREIGN KEY (user_id) REFERENCES public.user_entity(id);


--
-- Name: transaction_entity fkbrpjvb8s92g0t6f8oh6oj895l; Type: FK CONSTRAINT; Schema: public; Owner: postgres
--

ALTER TABLE ONLY public.transaction_entity
    ADD CONSTRAINT fkbrpjvb8s92g0t6f8oh6oj895l FOREIGN KEY (user_id) REFERENCES public.user_entity(id);


--
-- Name: transaction_entity fkcbtmbg9ya3gen9oas48xpyorf; Type: FK CONSTRAINT; Schema: public; Owner: postgres
--

ALTER TABLE ONLY public.transaction_entity
    ADD CONSTRAINT fkcbtmbg9ya3gen9oas48xpyorf FOREIGN KEY (card_id) REFERENCES public.card_entity(id);


--
-- Name: subscription_entity fkckoo8jnsf7bkp8kceutmrg31h; Type: FK CONSTRAINT; Schema: public; Owner: postgres
--

ALTER TABLE ONLY public.subscription_entity
    ADD CONSTRAINT fkckoo8jnsf7bkp8kceutmrg31h FOREIGN KEY (user_id) REFERENCES public.user_entity(id);


--
-- Name: shared_card_entity fkdfeord2t2he3w7sah2d2hvobg; Type: FK CONSTRAINT; Schema: public; Owner: postgres
--

ALTER TABLE ONLY public.shared_card_entity
    ADD CONSTRAINT fkdfeord2t2he3w7sah2d2hvobg FOREIGN KEY (card_id) REFERENCES public.card_entity(id);


--
-- Name: notification_entity fkgemicmmtfy225vqj5li4u96lk; Type: FK CONSTRAINT; Schema: public; Owner: postgres
--

ALTER TABLE ONLY public.notification_entity
    ADD CONSTRAINT fkgemicmmtfy225vqj5li4u96lk FOREIGN KEY (user_id) REFERENCES public.user_entity(id);


--
-- Name: subscription_entity fkk1ejdboh4h1j6nl7t4w6b43gk; Type: FK CONSTRAINT; Schema: public; Owner: postgres
--

ALTER TABLE ONLY public.subscription_entity
    ADD CONSTRAINT fkk1ejdboh4h1j6nl7t4w6b43gk FOREIGN KEY (card_id) REFERENCES public.card_entity(id);


--
-- Name: messages_entity fkmnytxskq3hr37hd0ytkdk6si8; Type: FK CONSTRAINT; Schema: public; Owner: postgres
--

ALTER TABLE ONLY public.messages_entity
    ADD CONSTRAINT fkmnytxskq3hr37hd0ytkdk6si8 FOREIGN KEY (chat_id) REFERENCES public.chat_entity(id);


--
-- Name: SCHEMA public; Type: ACL; Schema: -; Owner: postgres
--

REVOKE USAGE ON SCHEMA public FROM PUBLIC;
GRANT ALL ON SCHEMA public TO PUBLIC;


--
-- PostgreSQL database dump complete
--

