--
-- PostgreSQL database dump
--

-- Dumped from database version 16.6 (Homebrew)
-- Dumped by pg_dump version 16.6 (Homebrew)

-- Started on 2025-02-16 00:13:33 +03

SET statement_timeout = 0;
SET lock_timeout = 0;
SET idle_in_transaction_session_timeout = 0;
SET client_encoding = 'UTF8';
SET standard_conforming_strings = on;
SELECT pg_catalog.set_config('search_path', '', false);
SET check_function_bodies = false;
SET xmloption = content;
SET client_min_messages = warning;
SET row_security = off;

--
-- TOC entry 4 (class 2615 OID 2200)
-- Name: public; Type: SCHEMA; Schema: -; Owner: pg_database_owner
--

CREATE SCHEMA public;


ALTER SCHEMA public OWNER TO pg_database_owner;

--
-- TOC entry 3760 (class 0 OID 0)
-- Dependencies: 4
-- Name: SCHEMA public; Type: COMMENT; Schema: -; Owner: pg_database_owner
--

COMMENT ON SCHEMA public IS 'standard public schema';


SET default_tablespace = '';

SET default_table_access_method = heap;

--
-- TOC entry 216 (class 1259 OID 27698)
-- Name: card_entity; Type: TABLE; Schema: public; Owner: postgres
--

CREATE TABLE public.card_entity (
    expiry_date date,
    is_closed boolean,
    is_paused boolean,
    is_pinned boolean,
    is_shared boolean,
    latitude double precision,
    longitude double precision,
    per_day double precision,
    per_month double precision,
    per_transaction double precision,
    per_week double precision,
    per_year double precision,
    radius double precision,
    remaining_limit double precision,
    spending_limit double precision,
    total double precision,
    created_at timestamp(6) without time zone,
    id bigint NOT NULL,
    limit_set_at timestamp(6) without time zone,
    updated_at timestamp(6) without time zone,
    user_id bigint NOT NULL,
    bank_account_number character varying(255),
    card_color character varying(255),
    card_icon character varying(255),
    card_name character varying(255),
    card_number character varying(255),
    card_type character varying(255),
    category_name character varying(255),
    cvv character varying(255),
    merchant_name character varying(255)
);


ALTER TABLE public.card_entity OWNER TO postgres;

--
-- TOC entry 215 (class 1259 OID 27697)
-- Name: card_entity_id_seq; Type: SEQUENCE; Schema: public; Owner: postgres
--

ALTER TABLE public.card_entity ALTER COLUMN id ADD GENERATED BY DEFAULT AS IDENTITY (
    SEQUENCE NAME public.card_entity_id_seq
    START WITH 1
    INCREMENT BY 1
    NO MINVALUE
    NO MAXVALUE
    CACHE 1
);


--
-- TOC entry 218 (class 1259 OID 27706)
-- Name: chat_entity; Type: TABLE; Schema: public; Owner: postgres
--

CREATE TABLE public.chat_entity (
    id bigint NOT NULL,
    user_id bigint NOT NULL
);


ALTER TABLE public.chat_entity OWNER TO postgres;

--
-- TOC entry 217 (class 1259 OID 27705)
-- Name: chat_entity_id_seq; Type: SEQUENCE; Schema: public; Owner: postgres
--

ALTER TABLE public.chat_entity ALTER COLUMN id ADD GENERATED BY DEFAULT AS IDENTITY (
    SEQUENCE NAME public.chat_entity_id_seq
    START WITH 1
    INCREMENT BY 1
    NO MINVALUE
    NO MAXVALUE
    CACHE 1
);


--
-- TOC entry 220 (class 1259 OID 27712)
-- Name: messages_entity; Type: TABLE; Schema: public; Owner: postgres
--

CREATE TABLE public.messages_entity (
    chat_id bigint,
    id bigint NOT NULL,
    sender_id bigint,
    sent_at timestamp(6) without time zone,
    message_content character varying(255)
);


ALTER TABLE public.messages_entity OWNER TO postgres;

--
-- TOC entry 219 (class 1259 OID 27711)
-- Name: messages_entity_id_seq; Type: SEQUENCE; Schema: public; Owner: postgres
--

ALTER TABLE public.messages_entity ALTER COLUMN id ADD GENERATED BY DEFAULT AS IDENTITY (
    SEQUENCE NAME public.messages_entity_id_seq
    START WITH 1
    INCREMENT BY 1
    NO MINVALUE
    NO MAXVALUE
    CACHE 1
);


--
-- TOC entry 222 (class 1259 OID 27718)
-- Name: notification_entity; Type: TABLE; Schema: public; Owner: postgres
--

CREATE TABLE public.notification_entity (
    read boolean NOT NULL,
    created_at timestamp(6) without time zone NOT NULL,
    id bigint NOT NULL,
    user_id bigint NOT NULL,
    body text NOT NULL,
    title character varying(255) NOT NULL,
    data jsonb
);


ALTER TABLE public.notification_entity OWNER TO postgres;

--
-- TOC entry 221 (class 1259 OID 27717)
-- Name: notification_entity_id_seq; Type: SEQUENCE; Schema: public; Owner: postgres
--

ALTER TABLE public.notification_entity ALTER COLUMN id ADD GENERATED BY DEFAULT AS IDENTITY (
    SEQUENCE NAME public.notification_entity_id_seq
    START WITH 1
    INCREMENT BY 1
    NO MINVALUE
    NO MAXVALUE
    CACHE 1
);


--
-- TOC entry 224 (class 1259 OID 27726)
-- Name: shared_card_entity; Type: TABLE; Schema: public; Owner: postgres
--

CREATE TABLE public.shared_card_entity (
    card_id bigint,
    expires_at timestamp(6) without time zone,
    id bigint NOT NULL,
    shared_at timestamp(6) without time zone,
    user_id bigint NOT NULL
);


ALTER TABLE public.shared_card_entity OWNER TO postgres;

--
-- TOC entry 223 (class 1259 OID 27725)
-- Name: shared_card_entity_id_seq; Type: SEQUENCE; Schema: public; Owner: postgres
--

ALTER TABLE public.shared_card_entity ALTER COLUMN id ADD GENERATED BY DEFAULT AS IDENTITY (
    SEQUENCE NAME public.shared_card_entity_id_seq
    START WITH 1
    INCREMENT BY 1
    NO MINVALUE
    NO MAXVALUE
    CACHE 1
);


--
-- TOC entry 230 (class 1259 OID 27795)
-- Name: subscription_entity; Type: TABLE; Schema: public; Owner: postgres
--

CREATE TABLE public.subscription_entity (
    id bigint NOT NULL,
    amount double precision NOT NULL,
    billing_cycle character varying(255) NOT NULL,
    category character varying(255) NOT NULL,
    is_active boolean NOT NULL,
    last_charge_date timestamp(6) without time zone NOT NULL,
    merchant character varying(255) NOT NULL,
    next_charge_date timestamp(6) without time zone NOT NULL,
    card_id bigint NOT NULL,
    user_id bigint NOT NULL
);


ALTER TABLE public.subscription_entity OWNER TO postgres;

--
-- TOC entry 229 (class 1259 OID 27794)
-- Name: subscription_entity_id_seq; Type: SEQUENCE; Schema: public; Owner: postgres
--

ALTER TABLE public.subscription_entity ALTER COLUMN id ADD GENERATED BY DEFAULT AS IDENTITY (
    SEQUENCE NAME public.subscription_entity_id_seq
    START WITH 1
    INCREMENT BY 1
    NO MINVALUE
    NO MAXVALUE
    CACHE 1
);


--
-- TOC entry 226 (class 1259 OID 27732)
-- Name: transaction_entity; Type: TABLE; Schema: public; Owner: postgres
--

CREATE TABLE public.transaction_entity (
    amount double precision NOT NULL,
    is_recurring boolean NOT NULL,
    latitude double precision,
    longitude double precision,
    card_id bigint NOT NULL,
    created_at timestamp(6) without time zone NOT NULL,
    id bigint NOT NULL,
    user_id bigint NOT NULL,
    category character varying(255) NOT NULL,
    description text,
    merchant character varying(255) NOT NULL,
    status character varying(255) NOT NULL,
    type character varying(255) NOT NULL,
    decline_reason text
);


ALTER TABLE public.transaction_entity OWNER TO postgres;

--
-- TOC entry 225 (class 1259 OID 27731)
-- Name: transaction_entity_id_seq; Type: SEQUENCE; Schema: public; Owner: postgres
--

ALTER TABLE public.transaction_entity ALTER COLUMN id ADD GENERATED BY DEFAULT AS IDENTITY (
    SEQUENCE NAME public.transaction_entity_id_seq
    START WITH 1
    INCREMENT BY 1
    NO MINVALUE
    NO MAXVALUE
    CACHE 1
);


--
-- TOC entry 228 (class 1259 OID 27740)
-- Name: user_entity; Type: TABLE; Schema: public; Owner: postgres
--

CREATE TABLE public.user_entity (
    current_daily_spend double precision NOT NULL,
    current_month_card_issuance integer NOT NULL,
    current_monthly_spend double precision NOT NULL,
    daily_spend_limit double precision NOT NULL,
    date_of_birth date,
    is_active boolean,
    monthly_card_issuance_limit integer NOT NULL,
    monthly_spend_limit double precision NOT NULL,
    notification_enabled boolean NOT NULL,
    card_id bigint,
    created_at timestamp(6) without time zone NOT NULL,
    id bigint NOT NULL,
    last_spend_reset timestamp(6) without time zone NOT NULL,
    bank_account_number character varying(255),
    bank_account_username character varying(255),
    civil_id character varying(255),
    department character varying(255),
    email character varying(255) NOT NULL,
    first_name character varying(255) NOT NULL,
    gender character varying(255),
    last_name character varying(255),
    notification_token character varying(255),
    password character varying(255) NOT NULL,
    permission character varying(255),
    phone_number character varying(255) NOT NULL,
    profile_pic character varying(255),
    role character varying(255),
    subscription character varying(255)
);


ALTER TABLE public.user_entity OWNER TO postgres;

--
-- TOC entry 227 (class 1259 OID 27739)
-- Name: user_entity_id_seq; Type: SEQUENCE; Schema: public; Owner: postgres
--

ALTER TABLE public.user_entity ALTER COLUMN id ADD GENERATED BY DEFAULT AS IDENTITY (
    SEQUENCE NAME public.user_entity_id_seq
    START WITH 1
    INCREMENT BY 1
    NO MINVALUE
    NO MAXVALUE
    CACHE 1
);


--
-- TOC entry 3740 (class 0 OID 27698)
-- Dependencies: 216
-- Data for Name: card_entity; Type: TABLE DATA; Schema: public; Owner: postgres
--

COPY public.card_entity (expiry_date, is_closed, is_paused, is_pinned, is_shared, latitude, longitude, per_day, per_month, per_transaction, per_week, per_year, radius, remaining_limit, spending_limit, total, created_at, id, limit_set_at, updated_at, user_id, bank_account_number, card_color, card_icon, card_name, card_number, card_type, category_name, cvv, merchant_name) FROM stdin;
2028-02-11	t	t	\N	\N	\N	\N	\N	\N	\N	\N	\N	\N	\N	\N	50000	2025-02-11 14:09:41.574484	3	2025-02-11 14:09:41.570615	2025-02-11 14:14:03.595722	1	\N	#252525	🍽️	New liverrr	4707350873331053	BURNER	\N	973	\N
2028-02-11	t	t	\N	\N	\N	\N	\N	100	\N	\N	\N	\N	\N	\N	\N	2025-02-11 14:00:49.714519	2	2025-02-11 15:15:02.230958	2025-02-11 15:15:56.182358	1	\N	#d6515b	🔥	My first burner	4707350398986567	BURNER	\N	519	\N
2028-02-12	f	f	f	\N	\N	\N	\N	\N	\N	50	\N	\N	\N	\N	\N	2025-02-12 23:51:25.829557	7	2025-02-12 23:51:25.824665	2025-02-13 09:52:18.891901	1	\N	#4762FF	💰	بطاقه H&M	4707350413810217	MERCHANT_LOCKED	\N	504	H&M
2028-02-13	f	f	\N	\N	\N	\N	\N	\N	\N	\N	\N	\N	\N	\N	\N	2025-02-13 09:53:31.327723	8	2025-02-13 09:53:31.323246	2025-02-13 09:53:31.327733	1	\N	#d6515b	🔥	Next	4707350074175839	BURNER	\N	011	\N
2028-02-13	t	t	\N	\N	\N	\N	\N	\N	\N	\N	\N	\N	\N	\N	\N	2025-02-13 12:10:30.333118	9	2025-02-13 12:10:30.313695	2025-02-13 12:12:43.821374	5	\N	#d6515b	🔥	hiii	4707350837176218	BURNER	\N	043	\N
2028-02-14	f	f	f	\N	\N	\N	\N	20	\N	\N	\N	\N	\N	\N	\N	2025-02-14 01:10:12.08729	12	2025-02-14 01:10:12.053848	2025-02-14 22:53:35.0692	1	\N	#aeaeae	🍏	Apple TV+	4707350295130627	MERCHANT_LOCKED	\N	381	Apple TV+
2028-02-11	f	f	f	\N	\N	\N	50	\N	\N	\N	\N	\N	\N	\N	\N	2025-02-11 15:12:00.225114	5	2025-02-11 15:12:00.221855	2025-02-13 22:46:59.960311	1	\N	#d6515b	🔥	Test burner	4707350283025433	BURNER	\N	244	\N
2028-02-14	f	f	t	\N	\N	\N	\N	6	\N	\N	\N	\N	\N	\N	\N	2025-02-14 01:32:14.457333	13	2025-02-14 01:32:14.426695	2025-02-15 00:59:18.048912	1	\N	#283681	⚔️	Janna’s HBO	4707350389724031	MERCHANT_LOCKED	\N	700	HBO Max
2028-02-11	f	f	f	\N	29.325523312492354	48.03251451776716	\N	\N	\N	\N	\N	0.699999988079071	\N	\N	\N	2025-02-11 14:18:20.912418	4	2025-02-11 14:18:20.911201	2025-02-15 01:03:26.812879	1	\N	#EBE14B	📍	Location	4707350550081358	LOCATION_LOCKED	\N	231	\N
2028-02-15	f	f	\N	\N	\N	\N	\N	\N	\N	\N	\N	\N	\N	\N	\N	2025-02-15 01:10:40.140672	14	2025-02-15 01:10:40.138591	2025-02-15 01:10:40.140701	1	\N	#d986c2	🥰	Shoppppingz	4707350913907106	CATEGORY_LOCKED	SHOPPING	895	\N
2028-02-12	f	f	\N	\N	29.357931127587168	47.90718087146067	10	\N	\N	\N	\N	0.9000000357627869	\N	\N	\N	2025-02-12 11:52:47.844577	6	2025-02-12 11:52:47.842633	2025-02-12 12:41:13.119991	3	\N	#B1FF47	☺️	Zard	4707350850902225	LOCATION_LOCKED	\N	007	\N
2028-02-13	t	t	f	\N	\N	\N	\N	25	\N	\N	\N	\N	\N	\N	\N	2025-02-13 22:46:48.701256	11	2025-02-13 22:46:48.700515	2025-02-14 01:11:05.279522	1	\N	#a21a1a	📽️	Netflix	4707350460569674	MERCHANT_LOCKED	\N	700	Netflix
2028-02-11	f	t	f	\N	\N	\N	\N	\N	\N	\N	\N	\N	\N	\N	\N	2025-02-11 13:39:28.296075	1	2025-02-13 10:47:38.27909	2025-02-14 01:14:06.766746	1	\N	#692e2e	🎮	Aaf	4707350728337484	MERCHANT_LOCKED	\N	142	H&M
2028-02-15	f	f	t	\N	\N	\N	\N	5	\N	\N	\N	\N	\N	\N	\N	2025-02-15 01:16:13.21123	15	2025-02-15 01:16:13.209789	2025-02-15 19:56:54.349017	1	\N	#b91c1c	🎬	Netflixx	4707350119263901	MERCHANT_LOCKED	\N	234	Netflix
\.


--
-- TOC entry 3742 (class 0 OID 27706)
-- Dependencies: 218
-- Data for Name: chat_entity; Type: TABLE DATA; Schema: public; Owner: postgres
--

COPY public.chat_entity (id, user_id) FROM stdin;
\.


--
-- TOC entry 3744 (class 0 OID 27712)
-- Dependencies: 220
-- Data for Name: messages_entity; Type: TABLE DATA; Schema: public; Owner: postgres
--

COPY public.messages_entity (chat_id, id, sender_id, sent_at, message_content) FROM stdin;
\.


--
-- TOC entry 3746 (class 0 OID 27718)
-- Dependencies: 222
-- Data for Name: notification_entity; Type: TABLE DATA; Schema: public; Owner: postgres
--

COPY public.notification_entity (read, created_at, id, user_id, body, title, data) FROM stdin;
f	2025-02-11 13:40:05.691528	1	1	Your transaction of 8.68 KWD at H&M was declined: Transaction amount exceeds total card limit	Transaction Declined	{"amount": 8.68, "cardId": 1, "reason": "Transaction amount exceeds total card limit", "status": "DECLINED", "merchant": "H&M", "transactionId": 1}
f	2025-02-11 13:41:14.313777	2	1	Your transaction of 8.68 KWD at H&M was declined: Transaction amount exceeds total card limit	Transaction Declined	{"amount": 8.68, "cardId": 1, "reason": "Transaction amount exceeds total card limit", "status": "DECLINED", "merchant": "H&M", "transactionId": 2}
f	2025-02-11 13:41:45.37409	3	1	Your transaction of 8.68 KWD at H&M was declined: Transaction amount exceeds total card limit	Transaction Declined	{"amount": 8.68, "cardId": 1, "reason": "Transaction amount exceeds total card limit", "status": "DECLINED", "merchant": "H&M", "transactionId": 3}
f	2025-02-11 13:47:32.24013	4	1	Your transaction of 21.80 KWD at H&M was approved	Transaction Approved	{"amount": 21.8, "cardId": 1, "status": "APPROVED", "merchant": "H&M", "transactionId": 4}
f	2025-02-11 14:12:53.871085	5	1	Your transaction of 10498.95 KWD at Human Pancreas was declined: Invalid CVV	Transaction Declined	{"amount": 10498.95, "cardId": 3, "reason": "Invalid CVV", "status": "DECLINED", "merchant": "Human Pancreas", "transactionId": 5}
f	2025-02-11 14:14:02.716475	6	1	Your transaction of 104.47 KWD at Human Pancreas was approved	Transaction Approved	{"amount": 104.47, "cardId": 3, "status": "APPROVED", "merchant": "Human Pancreas", "transactionId": 6}
f	2025-02-11 15:14:16.295223	7	1	Your transaction of 27.05 KWD at H&M was declined: Transaction amount exceeds weekly limit	Transaction Declined	{"amount": 27.05, "cardId": 2, "reason": "Transaction amount exceeds weekly limit", "status": "DECLINED", "merchant": "H&M", "transactionId": 7}
f	2025-02-11 15:15:55.385316	8	1	Your transaction of 23.38 KWD at H&M was approved	Transaction Approved	{"amount": 23.38, "cardId": 2, "status": "APPROVED", "merchant": "H&M", "transactionId": 8}
f	2025-02-12 02:04:33.169262	9	1	Your transaction of KD 8.50 at H&M was approved	Transaction Approved	{"amount": 8.5, "cardId": 1, "status": "APPROVED", "merchant": "H&M", "transactionId": 9}
f	2025-02-12 09:29:50.989367	10	1	Your transaction of KD 8.50 at H&M was approved	Transaction Approved	{"amount": 8.5, "cardId": 1, "status": "APPROVED", "merchant": "H&M", "transactionId": 10}
f	2025-02-12 09:30:40.505313	11	1	Your transaction of 44.90 KWD at X-cite by Alghanim Electronics was declined: Card can only be used with merchant: H&M	Transaction Declined	{"amount": 44.9, "cardId": 1, "reason": "Card can only be used with merchant: H&M", "status": "DECLINED", "merchant": "X-cite by Alghanim Electronics", "transactionId": 11}
f	2025-02-12 09:45:30.731718	12	1	Your transaction of 44.90 KWD at X-cite by Alghanim Electronics was declined: Transaction location outside allowed radius	Transaction Declined	{"amount": 44.9, "cardId": 4, "reason": "Transaction location outside allowed radius", "status": "DECLINED", "merchant": "X-cite by Alghanim Electronics", "transactionId": 12}
f	2025-02-12 09:46:14.062651	13	1	Your transaction of 44.90 KWD at X-cite by Alghanim Electronics was declined: Location coordinates required for this card type	Transaction Declined	{"amount": 44.9, "cardId": 4, "reason": "Location coordinates required for this card type", "status": "DECLINED", "merchant": "X-cite by Alghanim Electronics", "transactionId": 13}
f	2025-02-12 09:46:49.655543	14	1	Your transaction of 8.50 KWD at H&M was declined: Location coordinates required for this card type	Transaction Declined	{"amount": 8.5, "cardId": 4, "reason": "Location coordinates required for this card type", "status": "DECLINED", "merchant": "H&M", "transactionId": 14}
f	2025-02-12 09:47:53.755141	15	1	Your transaction of 8.50 KWD at H&M was declined: Location coordinates required for this card type	Transaction Declined	{"amount": 8.5, "cardId": 4, "reason": "Location coordinates required for this card type", "status": "DECLINED", "merchant": "H&M", "transactionId": 15}
f	2025-02-12 09:51:11.521103	16	1	Your transaction of KD 8.50 at H&M was approved	Transaction Approved	{"amount": 8.5, "cardId": 4, "status": "APPROVED", "merchant": "H&M", "transactionId": 16}
f	2025-02-12 10:00:43.628726	17	1	KD 8.50 at H&M was approved.	Transaction Approved	{"amount": 8.5, "cardId": 4, "status": "APPROVED", "merchant": "H&M", "transactionId": 17}
f	2025-02-12 10:01:08.942604	18	1	KD 17.50 at H&M was declined: Location coordinates required for this card type	Transaction Declined	{"amount": 17.5, "cardId": 4, "reason": "Location coordinates required for this card type", "status": "DECLINED", "merchant": "H&M", "transactionId": 18}
f	2025-02-12 10:01:24.226318	19	1	KD 17.50 at H&M was declined: Location coordinates required for this card type	Transaction Declined	{"amount": 17.5, "cardId": 4, "reason": "Location coordinates required for this card type", "status": "DECLINED", "merchant": "H&M", "transactionId": 19}
f	2025-02-12 10:10:20.305086	20	1	Payment of KD 7.50 at Human Pancreas was declined. Invalid CVV	Transaction Declined	{"amount": 7.5, "cardId": 4, "reason": "Invalid CVV", "status": "DECLINED", "merchant": "Human Pancreas", "transactionId": 20}
f	2025-02-12 10:21:20.347124	21	1	Payment of KD 9.90 at The Sultan Center was declined. Invalid CVV	Transaction Declined	{"amount": 9.9, "cardId": 4, "reason": "Invalid CVV", "status": "DECLINED", "merchant": "The Sultan Center", "transactionId": 21}
f	2025-02-12 10:36:55.306043	22	1	Payment of KD 8.50 at H&M was declined. Invalid CVV	Transaction Declined	{"amount": 8.5, "cardId": 4, "reason": "Invalid CVV", "status": "DECLINED", "merchant": "H&M", "transactionId": 22}
f	2025-02-12 11:55:15.127667	23	3	Payment of KD 9.90 at Boots was declined. Transaction location outside allowed radius	Transaction Declined	{"amount": 9.9, "cardId": 6, "reason": "Transaction location outside allowed radius", "status": "DECLINED", "merchant": "Boots", "transactionId": 23}
f	2025-02-12 11:55:39.531847	24	3	Payment of KD 9.90 at Boots was declined. Location coordinates required for this card type	Transaction Declined	{"amount": 9.9, "cardId": 6, "reason": "Location coordinates required for this card type", "status": "DECLINED", "merchant": "Boots", "transactionId": 24}
f	2025-02-12 11:56:01.184888	25	3	Payment of KD 9.90 at Boots was declined. Location coordinates required for this card type	Transaction Declined	{"amount": 9.9, "cardId": 6, "reason": "Location coordinates required for this card type", "status": "DECLINED", "merchant": "Boots", "transactionId": 25}
f	2025-02-12 11:57:23.205703	26	3	Payment of KD 9.90 at Boots was declined. Location coordinates required for this card type	Transaction Declined	{"amount": 9.9, "cardId": 6, "reason": "Location coordinates required for this card type", "status": "DECLINED", "merchant": "Boots", "transactionId": 26}
f	2025-02-12 11:58:49.241756	27	3	Payment of KD 9.90 at Boots was approved.	Transaction Approved	{"amount": 9.9, "cardId": 6, "status": "APPROVED", "merchant": "Boots", "transactionId": 27}
f	2025-02-12 12:17:04.996911	28	3	Payment of KD 8.50 at H&M was declined. Transaction amount exceeds daily limit	Transaction Declined	{"amount": 8.5, "cardId": 6, "reason": "Transaction amount exceeds daily limit", "status": "DECLINED", "merchant": "H&M", "transactionId": 28}
f	2025-02-12 23:53:38.590277	29	1	Payment of KD 24.90 at H&M was approved.	Transaction Approved	{"amount": 24.9, "cardId": 7, "status": "APPROVED", "merchant": "H&M", "transactionId": 29}
f	2025-02-12 23:54:52.129583	30	1	Payment of KD 24.90 at X-cite by Alghanim Electronics was declined. Card can only be used with merchant: H&M	Transaction Declined	{"amount": 24.9, "cardId": 7, "reason": "Card can only be used with merchant: H&M", "status": "DECLINED", "merchant": "X-cite by Alghanim Electronics", "transactionId": 30}
f	2025-02-13 12:11:01.284845	31	5	Payment of KD 12.90 at The Sultan Center was declined. No bank account connected. Please connect a bank account first.	Transaction Declined	{"amount": 12.9, "cardId": 9, "reason": "No bank account connected. Please connect a bank account first.", "status": "DECLINED", "merchant": "The Sultan Center", "transactionId": 31}
f	2025-02-13 12:12:43.001621	32	5	Payment of KD 12.90 at The Sultan Center was approved.	Transaction Approved	{"amount": 12.9, "cardId": 9, "status": "APPROVED", "merchant": "The Sultan Center", "transactionId": 32}
f	2025-02-13 22:48:38.367042	33	1	Payment of KD 4.90 at Netflix was declined. No bank account connected. Please connect a bank account first.	Transaction Declined	{"amount": 4.9, "cardId": 11, "reason": "No bank account connected. Please connect a bank account first.", "status": "DECLINED", "merchant": "Netflix", "transactionId": 33}
f	2025-02-13 22:49:07.527899	34	1	Payment of KD 4.90 at Netflix was approved.	Transaction Approved	{"amount": 4.9, "cardId": 11, "status": "APPROVED", "merchant": "Netflix", "transactionId": 34}
f	2025-02-14 01:10:45.350217	35	1	Payment of KD 2.90 at Apple TV+ was approved.	Transaction Approved	{"amount": 2.9, "cardId": 12, "status": "APPROVED", "merchant": "Apple TV+", "transactionId": 35}
f	2025-02-14 01:32:51.984978	36	1	Payment of KD 5.90 at HBO Max was approved.	Transaction Approved	{"amount": 5.9, "cardId": 13, "status": "APPROVED", "merchant": "HBO Max", "transactionId": 36}
f	2025-02-15 00:56:19.349084	37	1	Payment of KD 8.50 at H&M was declined. Transaction amount exceeds monthly limit	Transaction Declined	{"amount": 8.5, "cardId": 13, "reason": "Transaction amount exceeds monthly limit", "status": "DECLINED", "merchant": "H&M", "transactionId": 37}
f	2025-02-15 01:02:20.264781	38	1	Payment of KD 8.50 at H&M was declined. Location coordinates required for this card type	Transaction Declined	{"amount": 8.5, "cardId": 4, "reason": "Location coordinates required for this card type", "status": "DECLINED", "merchant": "H&M", "transactionId": 38}
f	2025-02-15 01:03:17.12468	39	1	Payment of KD 24.90 at X-cite by Alghanim Electronics was declined. Location coordinates required for this card type	Transaction Declined	{"amount": 24.9, "cardId": 4, "reason": "Location coordinates required for this card type", "status": "DECLINED", "merchant": "X-cite by Alghanim Electronics", "transactionId": 39}
f	2025-02-15 01:03:43.564713	40	1	Payment of KD 24.90 at X-cite by Alghanim Electronics was declined. Location coordinates required for this card type	Transaction Declined	{"amount": 24.9, "cardId": 4, "reason": "Location coordinates required for this card type", "status": "DECLINED", "merchant": "X-cite by Alghanim Electronics", "transactionId": 40}
f	2025-02-15 01:04:47.755301	41	1	Payment of KD 24.90 at X-cite by Alghanim Electronics was declined. Invalid expiry date	Transaction Declined	{"amount": 24.9, "cardId": 7, "reason": "Invalid expiry date", "status": "DECLINED", "merchant": "X-cite by Alghanim Electronics", "transactionId": 41}
f	2025-02-15 01:05:03.170463	42	1	Payment of KD 24.90 at X-cite by Alghanim Electronics was declined. Card can only be used with merchant: H&M	Transaction Declined	{"amount": 24.9, "cardId": 7, "reason": "Card can only be used with merchant: H&M", "status": "DECLINED", "merchant": "X-cite by Alghanim Electronics", "transactionId": 42}
f	2025-02-15 01:11:13.204581	43	1	Payment of KD 39.90 at X-cite by Alghanim Electronics was declined. Card can only be used for category: SHOPPING	Transaction Declined	{"amount": 39.9, "cardId": 14, "reason": "Card can only be used for category: SHOPPING", "status": "DECLINED", "merchant": "X-cite by Alghanim Electronics", "transactionId": 43}
f	2025-02-15 01:11:32.354052	44	1	Payment of KD 24.90 at H&M was approved.	Transaction Approved	{"amount": 24.9, "cardId": 14, "status": "APPROVED", "merchant": "H&M", "transactionId": 44}
f	2025-02-15 01:12:01.551258	45	1	Payment of KD 4.50 at Disney+ was declined. Card can only be used for category: SHOPPING	Transaction Declined	{"amount": 4.5, "cardId": 14, "reason": "Card can only be used for category: SHOPPING", "status": "DECLINED", "merchant": "Disney+", "transactionId": 45}
f	2025-02-15 01:18:43.230846	46	1	Payment of KD 8.50 at H&M was approved.	Transaction Approved	{"amount": 8.5, "cardId": 7, "status": "APPROVED", "merchant": "H&M", "transactionId": 46}
f	2025-02-15 01:20:12.742526	47	1	Payment of KD 4.90 at Netflix was approved.	Transaction Approved	{"amount": 4.9, "cardId": 15, "status": "APPROVED", "merchant": "Netflix", "transactionId": 47}
\.


--
-- TOC entry 3748 (class 0 OID 27726)
-- Dependencies: 224
-- Data for Name: shared_card_entity; Type: TABLE DATA; Schema: public; Owner: postgres
--

COPY public.shared_card_entity (card_id, expires_at, id, shared_at, user_id) FROM stdin;
\.


--
-- TOC entry 3754 (class 0 OID 27795)
-- Dependencies: 230
-- Data for Name: subscription_entity; Type: TABLE DATA; Schema: public; Owner: postgres
--

COPY public.subscription_entity (id, amount, billing_cycle, category, is_active, last_charge_date, merchant, next_charge_date, card_id, user_id) FROM stdin;
1	2.9	MONTHLY	Apple Originals	t	2025-02-14 01:10:45.335255	Apple TV+	2025-03-14 01:10:45.335255	12	1
2	5.9	MONTHLY	HBO Originals	t	2025-02-14 01:32:51.970614	HBO Max	2025-03-14 01:32:51.970614	13	1
3	4.9	MONTHLY	Entertainment	t	2025-02-15 01:20:12.724901	Netflix	2025-03-15 01:20:12.724901	15	1
\.


--
-- TOC entry 3750 (class 0 OID 27732)
-- Dependencies: 226
-- Data for Name: transaction_entity; Type: TABLE DATA; Schema: public; Owner: postgres
--

COPY public.transaction_entity (amount, is_recurring, latitude, longitude, card_id, created_at, id, user_id, category, description, merchant, status, type, decline_reason) FROM stdin;
8.68	f	29.35793533293637	47.90729522418124	1	2025-02-11 13:40:05.681509	1	1	GENERAL	{"type":"STORE_PURCHASE","merchant":{"name":"H&M","category":null,"description":null,"location":{"latitude":29.35793533293637,"longitude":47.90729522418124}},"items":[{"id":1,"name":"Classic White T-Shirt","quantity":1,"unitPrice":3.5,"totalPrice":3.5,"category":"Tops"}],"itemsSummary":{"count":1,"totalItems":1},"payment":{"method":"CARD","subtotal":"3.50","tax":"0.18","shipping":"5.00","total":"8.68","currency":"USD"}}	H&M	DECLINED	STORE_PURCHASE	\N
8.68	f	29.35792970814102	47.907206081954286	1	2025-02-11 13:41:14.30865	2	1	GENERAL	{"type":"STORE_PURCHASE","merchant":{"name":"H&M","category":null,"description":null,"location":{"latitude":29.35792970814102,"longitude":47.907206081954286}},"items":[{"id":1,"name":"Classic White T-Shirt","quantity":1,"unitPrice":3.5,"totalPrice":3.5,"category":"Tops"}],"itemsSummary":{"count":1,"totalItems":1},"payment":{"method":"CARD","subtotal":"3.50","tax":"0.18","shipping":"5.00","total":"8.68","currency":"USD"}}	H&M	DECLINED	STORE_PURCHASE	\N
8.68	f	29.35792001369033	47.90716298512713	1	2025-02-11 13:41:45.359632	3	1	GENERAL	{"type":"STORE_PURCHASE","merchant":{"name":"H&M","category":null,"description":null,"location":{"latitude":29.35792001369033,"longitude":47.90716298512713}},"items":[{"id":1,"name":"Classic White T-Shirt","quantity":1,"unitPrice":3.5,"totalPrice":3.5,"category":"Tops"}],"itemsSummary":{"count":1,"totalItems":1},"payment":{"method":"CARD","subtotal":"3.50","tax":"0.18","shipping":"5.00","total":"8.68","currency":"USD"}}	H&M	DECLINED	STORE_PURCHASE	\N
21.8	f	29.357975098359088	47.90715986369802	1	2025-02-11 13:47:32.215217	4	1	GENERAL	{"type":"STORE_PURCHASE","merchant":{"name":"H&M","category":null,"description":null,"location":{"latitude":29.357975098359088,"longitude":47.90715986369802}},"items":[{"id":1,"name":"Classic White T-Shirt","quantity":1,"unitPrice":3.5,"totalPrice":3.5,"category":"Tops"},{"id":2,"name":"Slim Fit Jeans","quantity":1,"unitPrice":12.5,"totalPrice":12.5,"category":"Bottoms"}],"itemsSummary":{"count":2,"totalItems":2},"payment":{"method":"CARD","subtotal":"16.00","tax":"0.80","shipping":"5.00","total":"21.80","currency":"USD"}}	H&M	APPROVED	STORE_PURCHASE	\N
10498.95	f	29.357905151389627	47.90721369272349	3	2025-02-11 14:12:53.862343	5	1	GENERAL	{"type":"STORE_PURCHASE","merchant":{"name":"Human Pancreas","category":null,"description":null,"location":{"latitude":29.357905151389627,"longitude":47.90721369272349}},"items":[{"id":3,"name":"snickerdoodle protein pancakes","quantity":1,"unitPrice":9999,"totalPrice":9999,"category":"Cookies"}],"itemsSummary":{"count":1,"totalItems":1},"payment":{"method":"CARD","subtotal":"9999.00","tax":"499.95","shipping":"0.00","total":"10498.95","currency":"USD"}}	Human Pancreas	DECLINED	STORE_PURCHASE	\N
104.47	f	29.357905146329845	47.90721368005985	3	2025-02-11 14:14:02.704475	6	1	GENERAL	{"type":"STORE_PURCHASE","merchant":{"name":"Human Pancreas","category":null,"description":null,"location":{"latitude":29.357905146329845,"longitude":47.90721368005985}},"items":[{"id":2,"name":"Almond croissant cookies","quantity":1,"unitPrice":99.5,"totalPrice":99.5,"category":"Cookies"}],"itemsSummary":{"count":1,"totalItems":1},"payment":{"method":"CARD","subtotal":"99.50","tax":"4.98","shipping":"0.00","total":"104.47","currency":"USD"}}	Human Pancreas	APPROVED	STORE_PURCHASE	\N
27.05	f	29.357929651021497	47.907156961938135	2	2025-02-11 15:14:16.287068	7	1	GENERAL	{"type":"STORE_PURCHASE","merchant":{"name":"H&M","category":null,"description":null,"location":{"latitude":29.357929651021497,"longitude":47.907156961938135}},"items":[{"id":1,"name":"Classic White T-Shirt","quantity":6,"unitPrice":3.5,"totalPrice":21,"category":"Tops"}],"itemsSummary":{"count":1,"totalItems":6},"payment":{"method":"CARD","subtotal":"21.00","tax":"1.05","shipping":"5.00","total":"27.05","currency":"USD"}}	H&M	DECLINED	STORE_PURCHASE	\N
23.38	f	\N	\N	2	2025-02-11 15:15:55.354658	8	1	GENERAL	{"type":"STORE_PURCHASE","merchant":{"name":"H&M","category":null,"description":null,"location":{"latitude":null,"longitude":null}},"items":[{"id":1,"name":"Classic White T-Shirt","quantity":5,"unitPrice":3.5,"totalPrice":17.5,"category":"Tops"}],"itemsSummary":{"count":1,"totalItems":5},"payment":{"method":"CARD","subtotal":"17.50","tax":"0.88","shipping":"5.00","total":"23.38","currency":"USD"}}	H&M	APPROVED	STORE_PURCHASE	\N
8.5	f	\N	\N	1	2025-02-12 02:04:33.019406	9	1	GENERAL	{"type":"STORE_PURCHASE","merchant":{"name":"H&M","category":null,"description":null,"location":{"latitude":null,"longitude":null}},"items":[{"id":1,"name":"Classic White T-Shirt","quantity":1,"unitPrice":3.5,"totalPrice":3.5,"category":"Tops"}],"itemsSummary":{"count":1,"totalItems":1},"payment":{"method":"CARD","subtotal":"3.500","shipping":"5.000","total":"8.500","currency":"KWD"}}	H&M	APPROVED	STORE_PURCHASE	\N
8.5	f	29.357919693385643	47.9072357213381	1	2025-02-12 09:29:50.917997	10	1	GENERAL	{"type":"STORE_PURCHASE","merchant":{"name":"H&M","category":null,"description":null,"location":{"latitude":29.357919693385643,"longitude":47.9072357213381}},"items":[{"id":1,"name":"Classic White T-Shirt","quantity":1,"unitPrice":3.5,"totalPrice":3.5,"category":"Tops"}],"itemsSummary":{"count":1,"totalItems":1},"payment":{"method":"CARD","subtotal":"3.500","shipping":"5.000","total":"8.500","currency":"KWD"}}	H&M	APPROVED	STORE_PURCHASE	\N
44.9	f	29.35791460684626	47.907193078943266	1	2025-02-12 09:30:40.500314	11	1	GENERAL	{"type":"STORE_PURCHASE","merchant":{"name":"X-cite by Alghanim Electronics","category":null,"description":null,"location":{"latitude":29.35791460684626,"longitude":47.907193078943266}},"items":[{"id":3,"name":"JBL Flip 6","quantity":1,"unitPrice":39.9,"totalPrice":39.9,"category":"Audio"}],"itemsSummary":{"count":1,"totalItems":1},"payment":{"method":"CARD","subtotal":"39.900","shipping":"5.000","total":"44.900","currency":"KWD"}}	X-cite by Alghanim Electronics	DECLINED	STORE_PURCHASE	\N
44.9	f	29.357981847080744	47.90713183304338	4	2025-02-12 09:45:30.714504	12	1	GENERAL	{"type":"STORE_PURCHASE","merchant":{"name":"X-cite by Alghanim Electronics","category":null,"description":null,"location":{"latitude":29.357981847080744,"longitude":47.90713183304338}},"items":[{"id":3,"name":"JBL Flip 6","quantity":1,"unitPrice":39.9,"totalPrice":39.9,"category":"Audio"}],"itemsSummary":{"count":1,"totalItems":1},"payment":{"method":"CARD","subtotal":"39.900","shipping":"5.000","total":"44.900","currency":"KWD"}}	X-cite by Alghanim Electronics	DECLINED	STORE_PURCHASE	\N
44.9	f	\N	\N	4	2025-02-12 09:46:14.048453	13	1	GENERAL	{"type":"STORE_PURCHASE","merchant":{"name":"X-cite by Alghanim Electronics","category":null,"description":null,"location":{"latitude":null,"longitude":null}},"items":[{"id":3,"name":"JBL Flip 6","quantity":1,"unitPrice":39.9,"totalPrice":39.9,"category":"Audio"}],"itemsSummary":{"count":1,"totalItems":1},"payment":{"method":"CARD","subtotal":"39.900","shipping":"5.000","total":"44.900","currency":"KWD"}}	X-cite by Alghanim Electronics	DECLINED	STORE_PURCHASE	\N
8.5	f	\N	\N	4	2025-02-12 09:46:49.6484	14	1	GENERAL	{"type":"STORE_PURCHASE","merchant":{"name":"H&M","category":null,"description":null,"location":{"latitude":null,"longitude":null}},"items":[{"id":1,"name":"Classic White T-Shirt","quantity":1,"unitPrice":3.5,"totalPrice":3.5,"category":"Tops"}],"itemsSummary":{"count":1,"totalItems":1},"payment":{"method":"CARD","subtotal":"3.500","shipping":"5.000","total":"8.500","currency":"KWD"}}	H&M	DECLINED	STORE_PURCHASE	\N
8.5	f	\N	\N	4	2025-02-12 09:47:53.719935	15	1	GENERAL	{"type":"STORE_PURCHASE","merchant":{"name":"H&M","category":null,"description":null,"location":{"latitude":null,"longitude":null}},"items":[{"id":1,"name":"Classic White T-Shirt","quantity":1,"unitPrice":3.5,"totalPrice":3.5,"category":"Tops"}],"itemsSummary":{"count":1,"totalItems":1},"payment":{"method":"CARD","subtotal":"3.500","shipping":"5.000","total":"8.500","currency":"KWD"}}	H&M	DECLINED	STORE_PURCHASE	\N
8.5	f	29.35795089297773	47.907173700126506	4	2025-02-12 09:51:11.493802	16	1	GENERAL	{"type":"STORE_PURCHASE","merchant":{"name":"H&M","category":null,"description":null,"location":{"latitude":29.35795089297773,"longitude":47.907173700126506}},"items":[{"id":1,"name":"Classic White T-Shirt","quantity":1,"unitPrice":3.5,"totalPrice":3.5,"category":"Tops"}],"itemsSummary":{"count":1,"totalItems":1},"payment":{"method":"CARD","subtotal":"3.500","shipping":"5.000","total":"8.500","currency":"KWD"}}	H&M	APPROVED	STORE_PURCHASE	\N
8.5	f	29.357916152505517	47.907158987568415	4	2025-02-12 10:00:43.500595	17	1	GENERAL	{"type":"STORE_PURCHASE","merchant":{"name":"H&M","category":null,"description":null,"location":{"latitude":29.357916152505517,"longitude":47.907158987568415}},"items":[{"id":1,"name":"Classic White T-Shirt","quantity":1,"unitPrice":3.5,"totalPrice":3.5,"category":"Tops"}],"itemsSummary":{"count":1,"totalItems":1},"payment":{"method":"KNET","subtotal":"3.500","shipping":"5.000","total":"8.500","currency":"KWD"}}	H&M	APPROVED	STORE_PURCHASE	\N
17.5	f	\N	\N	4	2025-02-12 10:01:08.932159	18	1	GENERAL	{"type":"STORE_PURCHASE","merchant":{"name":"H&M","category":null,"description":null,"location":{"latitude":null,"longitude":null}},"items":[{"id":2,"name":"Slim Fit Jeans","quantity":1,"unitPrice":12.5,"totalPrice":12.5,"category":"Bottoms"}],"itemsSummary":{"count":1,"totalItems":1},"payment":{"method":"CARD","subtotal":"12.500","shipping":"5.000","total":"17.500","currency":"KWD"}}	H&M	DECLINED	STORE_PURCHASE	\N
17.5	f	\N	\N	4	2025-02-12 10:01:24.212719	19	1	GENERAL	{"type":"STORE_PURCHASE","merchant":{"name":"H&M","category":null,"description":null,"location":{"latitude":null,"longitude":null}},"items":[{"id":2,"name":"Slim Fit Jeans","quantity":1,"unitPrice":12.5,"totalPrice":12.5,"category":"Bottoms"}],"itemsSummary":{"count":1,"totalItems":1},"payment":{"method":"CARD","subtotal":"12.500","shipping":"5.000","total":"17.500","currency":"KWD"}}	H&M	DECLINED	STORE_PURCHASE	\N
7.5	f	29.357939437791902	47.907177818430455	4	2025-02-12 10:10:20.244358	20	1	GENERAL	{"type":"STORE_PURCHASE","merchant":{"name":"Human Pancreas","category":null,"description":null,"location":{"latitude":29.357939437791902,"longitude":47.907177818430455}},"items":[{"id":1,"name":"Hot chocolate cookies","quantity":1,"unitPrice":2.5,"totalPrice":2.5,"category":"Cookies"}],"itemsSummary":{"count":1,"totalItems":1},"payment":{"method":"CARD","subtotal":"2.500","shipping":"5.000","total":"7.500","currency":"KWD"}}	Human Pancreas	DECLINED	STORE_PURCHASE	\N
9.9	f	29.35794258257995	47.90731734942879	4	2025-02-12 10:21:20.296882	21	1	Supermarket	{"type":"STORE_PURCHASE","merchant":{"name":"The Sultan Center","category":"Supermarket","description":null,"location":{"latitude":29.35794258257995,"longitude":47.90731734942879}},"items":[{"id":1,"name":"TSC Premium Arabic Coffee","quantity":1,"unitPrice":4.9,"totalPrice":4.9,"category":"Beverages"}],"itemsSummary":{"count":1,"totalItems":1},"payment":{"method":"CARD","subtotal":"4.900","shipping":"5.000","total":"9.900","currency":"KWD"}}	The Sultan Center	DECLINED	STORE_PURCHASE	\N
8.5	f	29.357898441915147	47.90719549835652	4	2025-02-12 10:36:55.294843	22	1	Clothing	{"type":"STORE_PURCHASE","merchant":{"name":"H&M","category":"Clothing","description":null,"location":{"latitude":29.357898441915147,"longitude":47.90719549835652}},"items":[{"id":1,"name":"Classic White T-Shirt","quantity":1,"unitPrice":"3.500","totalPrice":"3.500","category":"Tops","details":{"image":null,"description":null,"stock":null}}],"itemsSummary":{"count":1,"totalItems":1,"categories":["Tops"]},"payment":{"method":"CARD","subtotal":"3.500","shipping":"5.000","total":"8.500","currency":"KWD","isRecurring":false}}	H&M	DECLINED	STORE_PURCHASE	\N
9.9	f	29.357940195921405	47.90731429665474	6	2025-02-12 11:55:15.118601	23	3	Beauty	{"type":"STORE_PURCHASE","merchant":{"name":"Boots","category":"Beauty","description":null,"location":{"latitude":29.357940195921405,"longitude":47.90731429665474}},"items":[{"id":3,"name":"Sheet Mask Set","quantity":1,"unitPrice":"4.900","totalPrice":"4.900","category":"Skincare","details":{"image":null,"description":null,"stock":null}}],"itemsSummary":{"count":1,"totalItems":1,"categories":["Skincare"]},"payment":{"method":"CARD","subtotal":"4.900","shipping":"5.000","total":"9.900","currency":"KWD","isRecurring":false}}	Boots	DECLINED	STORE_PURCHASE	\N
9.9	f	\N	\N	6	2025-02-12 11:55:39.528098	24	3	Beauty	{"type":"STORE_PURCHASE","merchant":{"name":"Boots","category":"Beauty","description":null,"location":{"latitude":null,"longitude":null}},"items":[{"id":3,"name":"Sheet Mask Set","quantity":1,"unitPrice":"4.900","totalPrice":"4.900","category":"Skincare","details":{"image":null,"description":null,"stock":null}}],"itemsSummary":{"count":1,"totalItems":1,"categories":["Skincare"]},"payment":{"method":"CARD","subtotal":"4.900","shipping":"5.000","total":"9.900","currency":"KWD","isRecurring":false}}	Boots	DECLINED	STORE_PURCHASE	\N
9.9	f	\N	\N	6	2025-02-12 11:56:01.178899	25	3	Beauty	{"type":"STORE_PURCHASE","merchant":{"name":"Boots","category":"Beauty","description":null,"location":{"latitude":null,"longitude":null}},"items":[{"id":3,"name":"Sheet Mask Set","quantity":1,"unitPrice":"4.900","totalPrice":"4.900","category":"Skincare","details":{"image":null,"description":null,"stock":null}}],"itemsSummary":{"count":1,"totalItems":1,"categories":["Skincare"]},"payment":{"method":"CARD","subtotal":"4.900","shipping":"5.000","total":"9.900","currency":"KWD","isRecurring":false}}	Boots	DECLINED	STORE_PURCHASE	\N
9.9	f	\N	\N	6	2025-02-12 11:57:23.19619	26	3	Beauty	{"type":"STORE_PURCHASE","merchant":{"name":"Boots","category":"Beauty","description":null,"location":{"latitude":null,"longitude":null}},"items":[{"id":3,"name":"Sheet Mask Set","quantity":1,"unitPrice":"4.900","totalPrice":"4.900","category":"Skincare","details":{"image":null,"description":null,"stock":null}}],"itemsSummary":{"count":1,"totalItems":1,"categories":["Skincare"]},"payment":{"method":"CARD","subtotal":"4.900","shipping":"5.000","total":"9.900","currency":"KWD","isRecurring":false}}	Boots	DECLINED	STORE_PURCHASE	\N
9.9	f	29.357942581238838	47.9073173527137	6	2025-02-12 11:58:49.224638	27	3	Beauty	{"type":"STORE_PURCHASE","merchant":{"name":"Boots","category":"Beauty","description":null,"location":{"latitude":29.357942581238838,"longitude":47.9073173527137}},"items":[{"id":3,"name":"Sheet Mask Set","quantity":1,"unitPrice":"4.900","totalPrice":"4.900","category":"Skincare","details":{"image":null,"description":null,"stock":null}}],"itemsSummary":{"count":1,"totalItems":1,"categories":["Skincare"]},"payment":{"method":"CARD","subtotal":"4.900","shipping":"5.000","total":"9.900","currency":"KWD","isRecurring":false}}	Boots	APPROVED	STORE_PURCHASE	\N
8.5	f	29.35791444729748	47.90723657561898	6	2025-02-12 12:17:04.924739	28	3	Clothing	{"type":"STORE_PURCHASE","merchant":{"name":"H&M","category":"Clothing","description":null,"location":{"latitude":29.35791444729748,"longitude":47.90723657561898}},"items":[{"id":1,"name":"Classic White T-Shirt","quantity":1,"unitPrice":"3.500","totalPrice":"3.500","category":"Tops","details":{"image":null,"description":null,"stock":null}}],"itemsSummary":{"count":1,"totalItems":1,"categories":["Tops"]},"payment":{"method":"CARD","subtotal":"3.500","shipping":"5.000","total":"8.500","currency":"KWD","isRecurring":false}}	H&M	DECLINED	STORE_PURCHASE	Transaction amount exceeds daily limit
24.9	f	29.321519464904444	47.68630490893896	7	2025-02-12 23:53:38.575065	29	1	Clothing	{"type":"STORE_PURCHASE","merchant":{"name":"H&M","category":"Clothing","description":null,"location":{"latitude":29.321519464904444,"longitude":47.68630490893896}},"items":[{"id":3,"name":"Denim Jacket","quantity":1,"unitPrice":"19.900","totalPrice":"19.900","category":"Outerwear","details":{"image":null,"description":null,"stock":null}}],"itemsSummary":{"count":1,"totalItems":1,"categories":["Outerwear"]},"payment":{"method":"KNET","subtotal":"19.900","shipping":"5.000","total":"24.900","currency":"KWD","isRecurring":false}}	H&M	APPROVED	STORE_PURCHASE	\N
24.9	f	\N	\N	7	2025-02-12 23:54:52.125466	30	1	Electronics	{"type":"STORE_PURCHASE","merchant":{"name":"X-cite by Alghanim Electronics","category":"Electronics","description":null,"location":{"latitude":null,"longitude":null}},"items":[{"id":4,"name":"Samsung Wireless Charger","quantity":1,"unitPrice":"19.900","totalPrice":"19.900","category":"Accessories","details":{"image":null,"description":null,"stock":null}}],"itemsSummary":{"count":1,"totalItems":1,"categories":["Accessories"]},"payment":{"method":"CARD","subtotal":"19.900","shipping":"5.000","total":"24.900","currency":"KWD","isRecurring":false}}	X-cite by Alghanim Electronics	DECLINED	STORE_PURCHASE	Card can only be used with merchant: H&M
12.9	f	29.35792138975505	47.907204097228146	9	2025-02-13 12:11:01.277354	31	5	Supermarket	{"type":"STORE_PURCHASE","merchant":{"name":"The Sultan Center","category":"Supermarket","description":null,"location":{"latitude":29.35792138975505,"longitude":47.907204097228146}},"items":[{"id":3,"name":"TSC Gold Tea Selection","quantity":1,"unitPrice":"7.900","totalPrice":"7.900","category":"Beverages","details":{"image":null,"description":null,"stock":null}}],"itemsSummary":{"count":1,"totalItems":1,"categories":["Beverages"]},"payment":{"method":"CARD","subtotal":"7.900","shipping":"5.000","total":"12.900","currency":"KWD","isRecurring":false}}	The Sultan Center	DECLINED	STORE_PURCHASE	No bank account connected. Please connect a bank account first.
12.9	f	\N	\N	9	2025-02-13 12:12:42.996784	32	5	Supermarket	{"type":"STORE_PURCHASE","merchant":{"name":"The Sultan Center","category":"Supermarket","description":null,"location":{"latitude":null,"longitude":null}},"items":[{"id":3,"name":"TSC Gold Tea Selection","quantity":1,"unitPrice":"7.900","totalPrice":"7.900","category":"Beverages","details":{"image":null,"description":null,"stock":null}}],"itemsSummary":{"count":1,"totalItems":1,"categories":["Beverages"]},"payment":{"method":"CARD","subtotal":"7.900","shipping":"5.000","total":"12.900","currency":"KWD","isRecurring":false}}	The Sultan Center	APPROVED	STORE_PURCHASE	\N
4.9	t	29.337360385559048	47.93577194910411	11	2025-02-13 22:48:38.352659	33	1	Movies	{"type":"SUBSCRIPTION","amount":"4.900","error":"Failed to generate full description"}	Netflix	DECLINED	SUBSCRIPTION	No bank account connected. Please connect a bank account first.
4.9	t	29.337421382990826	47.93589013134629	11	2025-02-13 22:49:07.521865	34	1	Movies	{"type":"SUBSCRIPTION","amount":"4.900","error":"Failed to generate full description"}	Netflix	APPROVED	SUBSCRIPTION	\N
2.9	t	29.321515038970887	47.686307703171735	12	2025-02-14 01:10:45.335255	35	1	Apple Originals	{"type":"SUBSCRIPTION","amount":"2.900","error":"Failed to generate full description"}	Apple TV+	APPROVED	SUBSCRIPTION	\N
5.9	t	29.321506776726636	47.686299059849134	13	2025-02-14 01:32:51.970614	36	1	HBO Originals	{"type":"SUBSCRIPTION","amount":"5.900","error":"Failed to generate full description"}	HBO Max	APPROVED	SUBSCRIPTION	\N
8.5	f	29.325376137334608	48.03261202517958	13	2025-02-15 00:56:19.286754	37	1	Shopping	{"type":"STORE_PURCHASE","merchant":{"name":"H&M","category":"Shopping","description":null,"location":{"latitude":29.325376137334608,"longitude":48.03261202517958}},"items":[{"id":1,"name":"Classic White T-Shirt","quantity":1,"unitPrice":"3.500","totalPrice":"3.500","category":"Tops","details":{"image":null,"description":null,"stock":null}}],"itemsSummary":{"count":1,"totalItems":1,"categories":["Tops"]},"payment":{"method":"CARD","subtotal":"3.500","shipping":"5.000","total":"8.500","currency":"KWD","isRecurring":false}}	H&M	DECLINED	STORE_PURCHASE	Transaction amount exceeds monthly limit
8.5	f	\N	\N	4	2025-02-15 01:02:20.220952	38	1	Shopping	{"type":"STORE_PURCHASE","merchant":{"name":"H&M","category":"Shopping","description":null,"location":{"latitude":null,"longitude":null}},"items":[{"id":1,"name":"Classic White T-Shirt","quantity":1,"unitPrice":"3.500","totalPrice":"3.500","category":"Tops","details":{"image":null,"description":null,"stock":null}}],"itemsSummary":{"count":1,"totalItems":1,"categories":["Tops"]},"payment":{"method":"CARD","subtotal":"3.500","shipping":"5.000","total":"8.500","currency":"KWD","isRecurring":false}}	H&M	DECLINED	STORE_PURCHASE	Location coordinates required for this card type
24.9	f	\N	\N	4	2025-02-15 01:03:17.117482	39	1	Electronics	{"type":"STORE_PURCHASE","merchant":{"name":"X-cite by Alghanim Electronics","category":"Electronics","description":null,"location":{"latitude":null,"longitude":null}},"items":[{"id":4,"name":"Samsung Wireless Charger","quantity":1,"unitPrice":"19.900","totalPrice":"19.900","category":"Accessories","details":{"image":null,"description":null,"stock":null}}],"itemsSummary":{"count":1,"totalItems":1,"categories":["Accessories"]},"payment":{"method":"CARD","subtotal":"19.900","shipping":"5.000","total":"24.900","currency":"KWD","isRecurring":false}}	X-cite by Alghanim Electronics	DECLINED	STORE_PURCHASE	Location coordinates required for this card type
24.9	f	\N	\N	4	2025-02-15 01:03:43.560185	40	1	Electronics	{"type":"STORE_PURCHASE","merchant":{"name":"X-cite by Alghanim Electronics","category":"Electronics","description":null,"location":{"latitude":null,"longitude":null}},"items":[{"id":4,"name":"Samsung Wireless Charger","quantity":1,"unitPrice":"19.900","totalPrice":"19.900","category":"Accessories","details":{"image":null,"description":null,"stock":null}}],"itemsSummary":{"count":1,"totalItems":1,"categories":["Accessories"]},"payment":{"method":"CARD","subtotal":"19.900","shipping":"5.000","total":"24.900","currency":"KWD","isRecurring":false}}	X-cite by Alghanim Electronics	DECLINED	STORE_PURCHASE	Location coordinates required for this card type
24.9	f	\N	\N	7	2025-02-15 01:04:47.746931	41	1	Electronics	{"type":"STORE_PURCHASE","merchant":{"name":"X-cite by Alghanim Electronics","category":"Electronics","description":null,"location":{"latitude":null,"longitude":null}},"items":[{"id":4,"name":"Samsung Wireless Charger","quantity":1,"unitPrice":"19.900","totalPrice":"19.900","category":"Accessories","details":{"image":null,"description":null,"stock":null}}],"itemsSummary":{"count":1,"totalItems":1,"categories":["Accessories"]},"payment":{"method":"CARD","subtotal":"19.900","shipping":"5.000","total":"24.900","currency":"KWD","isRecurring":false}}	X-cite by Alghanim Electronics	DECLINED	STORE_PURCHASE	Invalid expiry date
24.9	f	\N	\N	7	2025-02-15 01:05:03.165567	42	1	Electronics	{"type":"STORE_PURCHASE","merchant":{"name":"X-cite by Alghanim Electronics","category":"Electronics","description":null,"location":{"latitude":null,"longitude":null}},"items":[{"id":4,"name":"Samsung Wireless Charger","quantity":1,"unitPrice":"19.900","totalPrice":"19.900","category":"Accessories","details":{"image":null,"description":null,"stock":null}}],"itemsSummary":{"count":1,"totalItems":1,"categories":["Accessories"]},"payment":{"method":"CARD","subtotal":"19.900","shipping":"5.000","total":"24.900","currency":"KWD","isRecurring":false}}	X-cite by Alghanim Electronics	DECLINED	STORE_PURCHASE	Card can only be used with merchant: H&M
39.9	f	\N	\N	14	2025-02-15 01:11:13.194989	43	1	Electronics	{"type":"STORE_PURCHASE","merchant":{"name":"X-cite by Alghanim Electronics","category":"Electronics","description":null,"location":{"latitude":null,"longitude":null}},"items":[{"id":5,"name":"Razer DeathAdder V3","quantity":1,"unitPrice":"34.900","totalPrice":"34.900","category":"Gaming","details":{"image":null,"description":null,"stock":null}}],"itemsSummary":{"count":1,"totalItems":1,"categories":["Gaming"]},"payment":{"method":"CARD","subtotal":"34.900","shipping":"5.000","total":"39.900","currency":"KWD","isRecurring":false}}	X-cite by Alghanim Electronics	DECLINED	STORE_PURCHASE	Card can only be used for category: SHOPPING
24.9	f	\N	\N	14	2025-02-15 01:11:32.337061	44	1	Shopping	{"type":"STORE_PURCHASE","merchant":{"name":"H&M","category":"Shopping","description":null,"location":{"latitude":null,"longitude":null}},"items":[{"id":3,"name":"Denim Jacket","quantity":1,"unitPrice":"19.900","totalPrice":"19.900","category":"Outerwear","details":{"image":null,"description":null,"stock":null}}],"itemsSummary":{"count":1,"totalItems":1,"categories":["Outerwear"]},"payment":{"method":"CARD","subtotal":"19.900","shipping":"5.000","total":"24.900","currency":"KWD","isRecurring":false}}	H&M	APPROVED	STORE_PURCHASE	\N
4.5	t	\N	\N	14	2025-02-15 01:12:01.540256	45	1	Entertainment	{"type":"SUBSCRIPTION","amount":"4.500","error":"Failed to generate full description"}	Disney+	DECLINED	SUBSCRIPTION	Card can only be used for category: SHOPPING
8.5	f	\N	\N	7	2025-02-15 01:18:43.220529	46	1	Shopping	{"type":"STORE_PURCHASE","merchant":{"name":"H&M","category":"Shopping","description":null,"location":{"latitude":null,"longitude":null}},"items":[{"id":1,"name":"Classic White T-Shirt","quantity":1,"unitPrice":"3.500","totalPrice":"3.500","category":"Tops","details":{"image":null,"description":null,"stock":null}}],"itemsSummary":{"count":1,"totalItems":1,"categories":["Tops"]},"payment":{"method":"CARD","subtotal":"3.500","shipping":"5.000","total":"8.500","currency":"KWD","isRecurring":false}}	H&M	APPROVED	STORE_PURCHASE	\N
4.9	t	\N	\N	15	2025-02-15 01:20:12.724901	47	1	Entertainment	{"type":"SUBSCRIPTION","amount":"4.900","error":"Failed to generate full description"}	Netflix	APPROVED	SUBSCRIPTION	\N
\.


--
-- TOC entry 3752 (class 0 OID 27740)
-- Dependencies: 228
-- Data for Name: user_entity; Type: TABLE DATA; Schema: public; Owner: postgres
--

COPY public.user_entity (current_daily_spend, current_month_card_issuance, current_monthly_spend, daily_spend_limit, date_of_birth, is_active, monthly_card_issuance_limit, monthly_spend_limit, notification_enabled, card_id, created_at, id, last_spend_reset, bank_account_number, bank_account_username, civil_id, department, email, first_name, gender, last_name, notification_token, password, permission, phone_number, profile_pic, role, subscription) FROM stdin;
0	1	9.9	500	2000-02-11	t	10	5000	t	\N	2025-02-12 11:50:48.929409	3	2025-02-14 23:59:59.769758	\N	\N	243622222222	\N	zaleem123@gmail.co	Zalem	male	Zalman	ExponentPushToken[cQ126_FgEFMoJ6G1sOqtl0]	$2a$10$7hS9Szc6y7LgTXy7jxjxzeypCT0CyiqRqjj4BTS6eJtYS5HXDwvZu	\N	24362222	\N	ROLE_USER	Basic
0	0	0	500	1998-02-10	t	10	5000	t	\N	2025-02-11 21:26:30.617122	2	2025-02-14 23:59:59.769758	\N	\N	465445455454	\N	meshal@me.com	Meshal	male	M	ExponentPushToken[cQ126_FgEFMoJ6G1sOqtl0]	$2a$10$FiT1mE.UIqP4MACp4pYIIup0VtCBcUWdXqVN1wTJ0GNbi87JIvxPi	\N	4545545454	\N	ROLE_USER	Basic
0	0	0	500	1995-02-12	t	10	5000	t	\N	2025-02-13 11:07:14.543282	4	2025-02-14 23:59:59.769758	\N	\N	765757575775	\N	aziz@me.com	Aziz	male	S	ExponentPushToken[cQ126_FgEFMoJ6G1sOqtl0]	$2a$10$5NMqVrNj.8WCodMI68Ho1ekfxkXwJwT082HlJ8nQLWv/hyj55IX.S	\N	554545454545454	\N	ROLE_USER	Basic
0	1	12.9	500	2003-02-12	t	10	5000	t	\N	2025-02-13 11:33:30.31872	5	2025-02-14 23:59:59.769758	\N	\N	755454545454	\N	janjoon@me.com	Janjoon	female	M	ExponentPushToken[cQ126_FgEFMoJ6G1sOqtl0]	$2a$10$W71vZ71lP2Re/qfx025jv.6c9MbUFO.WbML9j4CDdTENyOIS2Gel2	\N	1554545454	\N	ROLE_USER	Basic
0	0	0	500	2003-02-12	t	10	5000	t	\N	2025-02-13 21:54:09.334882	12	2025-02-14 23:59:59.769758	6216914203318918	bbyn	545454545454	\N	kdot@me.com	Kenny	male	D	ExponentPushToken[cQ126_FgEFMoJ6G1sOqtl0]	$2a$10$94N9EriG6kyBtaD9XQbzPenM84htvMQNBYOn/.OEgHOBlosw0N6Xq	\N	454554545454	\N	ROLE_USER	Basic
38.3	13	260.55	500	2001-02-10	t	100	5000	t	\N	2025-02-11 13:33:48.41411	1	2025-02-14 23:59:59.769758	3918865001978964	Hshshshd	455454545454	\N	janna@me.com	Janna	female	M	ExponentPushToken[cQ126_FgEFMoJ6G1sOqtl0]	$2a$10$/OH6boTjs9zatSAfYLnaieMuFc/VtC6ltQs9kju51ISKlPk4GhfVq	\N	45455454545454	9aa2d585-3ed0-4919-abba-3ce74f3e0d7c.jpg	ROLE_USER	Basic
\.


--
-- TOC entry 3761 (class 0 OID 0)
-- Dependencies: 215
-- Name: card_entity_id_seq; Type: SEQUENCE SET; Schema: public; Owner: postgres
--

SELECT pg_catalog.setval('public.card_entity_id_seq', 15, true);


--
-- TOC entry 3762 (class 0 OID 0)
-- Dependencies: 217
-- Name: chat_entity_id_seq; Type: SEQUENCE SET; Schema: public; Owner: postgres
--

SELECT pg_catalog.setval('public.chat_entity_id_seq', 1, false);


--
-- TOC entry 3763 (class 0 OID 0)
-- Dependencies: 219
-- Name: messages_entity_id_seq; Type: SEQUENCE SET; Schema: public; Owner: postgres
--

SELECT pg_catalog.setval('public.messages_entity_id_seq', 1, false);


--
-- TOC entry 3764 (class 0 OID 0)
-- Dependencies: 221
-- Name: notification_entity_id_seq; Type: SEQUENCE SET; Schema: public; Owner: postgres
--

SELECT pg_catalog.setval('public.notification_entity_id_seq', 47, true);


--
-- TOC entry 3765 (class 0 OID 0)
-- Dependencies: 223
-- Name: shared_card_entity_id_seq; Type: SEQUENCE SET; Schema: public; Owner: postgres
--

SELECT pg_catalog.setval('public.shared_card_entity_id_seq', 1, false);


--
-- TOC entry 3766 (class 0 OID 0)
-- Dependencies: 229
-- Name: subscription_entity_id_seq; Type: SEQUENCE SET; Schema: public; Owner: postgres
--

SELECT pg_catalog.setval('public.subscription_entity_id_seq', 3, true);


--
-- TOC entry 3767 (class 0 OID 0)
-- Dependencies: 225
-- Name: transaction_entity_id_seq; Type: SEQUENCE SET; Schema: public; Owner: postgres
--

SELECT pg_catalog.setval('public.transaction_entity_id_seq', 47, true);


--
-- TOC entry 3768 (class 0 OID 0)
-- Dependencies: 227
-- Name: user_entity_id_seq; Type: SEQUENCE SET; Schema: public; Owner: postgres
--

SELECT pg_catalog.setval('public.user_entity_id_seq', 12, true);


--
-- TOC entry 3565 (class 2606 OID 27704)
-- Name: card_entity card_entity_pkey; Type: CONSTRAINT; Schema: public; Owner: postgres
--

ALTER TABLE ONLY public.card_entity
    ADD CONSTRAINT card_entity_pkey PRIMARY KEY (id);


--
-- TOC entry 3567 (class 2606 OID 27710)
-- Name: chat_entity chat_entity_pkey; Type: CONSTRAINT; Schema: public; Owner: postgres
--

ALTER TABLE ONLY public.chat_entity
    ADD CONSTRAINT chat_entity_pkey PRIMARY KEY (id);


--
-- TOC entry 3569 (class 2606 OID 27716)
-- Name: messages_entity messages_entity_pkey; Type: CONSTRAINT; Schema: public; Owner: postgres
--

ALTER TABLE ONLY public.messages_entity
    ADD CONSTRAINT messages_entity_pkey PRIMARY KEY (id);


--
-- TOC entry 3571 (class 2606 OID 27724)
-- Name: notification_entity notification_entity_pkey; Type: CONSTRAINT; Schema: public; Owner: postgres
--

ALTER TABLE ONLY public.notification_entity
    ADD CONSTRAINT notification_entity_pkey PRIMARY KEY (id);


--
-- TOC entry 3573 (class 2606 OID 27730)
-- Name: shared_card_entity shared_card_entity_pkey; Type: CONSTRAINT; Schema: public; Owner: postgres
--

ALTER TABLE ONLY public.shared_card_entity
    ADD CONSTRAINT shared_card_entity_pkey PRIMARY KEY (id);


--
-- TOC entry 3585 (class 2606 OID 27801)
-- Name: subscription_entity subscription_entity_pkey; Type: CONSTRAINT; Schema: public; Owner: postgres
--

ALTER TABLE ONLY public.subscription_entity
    ADD CONSTRAINT subscription_entity_pkey PRIMARY KEY (id);


--
-- TOC entry 3575 (class 2606 OID 27738)
-- Name: transaction_entity transaction_entity_pkey; Type: CONSTRAINT; Schema: public; Owner: postgres
--

ALTER TABLE ONLY public.transaction_entity
    ADD CONSTRAINT transaction_entity_pkey PRIMARY KEY (id);


--
-- TOC entry 3577 (class 2606 OID 27748)
-- Name: user_entity user_entity_bank_account_number_key; Type: CONSTRAINT; Schema: public; Owner: postgres
--

ALTER TABLE ONLY public.user_entity
    ADD CONSTRAINT user_entity_bank_account_number_key UNIQUE (bank_account_number);


--
-- TOC entry 3579 (class 2606 OID 27750)
-- Name: user_entity user_entity_civil_id_key; Type: CONSTRAINT; Schema: public; Owner: postgres
--

ALTER TABLE ONLY public.user_entity
    ADD CONSTRAINT user_entity_civil_id_key UNIQUE (civil_id);


--
-- TOC entry 3581 (class 2606 OID 27752)
-- Name: user_entity user_entity_email_key; Type: CONSTRAINT; Schema: public; Owner: postgres
--

ALTER TABLE ONLY public.user_entity
    ADD CONSTRAINT user_entity_email_key UNIQUE (email);


--
-- TOC entry 3583 (class 2606 OID 27746)
-- Name: user_entity user_entity_pkey; Type: CONSTRAINT; Schema: public; Owner: postgres
--

ALTER TABLE ONLY public.user_entity
    ADD CONSTRAINT user_entity_pkey PRIMARY KEY (id);


--
-- TOC entry 3590 (class 2606 OID 27778)
-- Name: shared_card_entity fk1r1us2ovg06dd8b46bjfdfqdi; Type: FK CONSTRAINT; Schema: public; Owner: postgres
--

ALTER TABLE ONLY public.shared_card_entity
    ADD CONSTRAINT fk1r1us2ovg06dd8b46bjfdfqdi FOREIGN KEY (user_id) REFERENCES public.user_entity(id);


--
-- TOC entry 3586 (class 2606 OID 27753)
-- Name: card_entity fk5bkjlapt94djacsrc6o6bvghf; Type: FK CONSTRAINT; Schema: public; Owner: postgres
--

ALTER TABLE ONLY public.card_entity
    ADD CONSTRAINT fk5bkjlapt94djacsrc6o6bvghf FOREIGN KEY (user_id) REFERENCES public.user_entity(id);


--
-- TOC entry 3587 (class 2606 OID 27758)
-- Name: chat_entity fk5m6pvsxl6h7jdy3yjg6f5lmp7; Type: FK CONSTRAINT; Schema: public; Owner: postgres
--

ALTER TABLE ONLY public.chat_entity
    ADD CONSTRAINT fk5m6pvsxl6h7jdy3yjg6f5lmp7 FOREIGN KEY (user_id) REFERENCES public.user_entity(id);


--
-- TOC entry 3592 (class 2606 OID 27788)
-- Name: transaction_entity fkbrpjvb8s92g0t6f8oh6oj895l; Type: FK CONSTRAINT; Schema: public; Owner: postgres
--

ALTER TABLE ONLY public.transaction_entity
    ADD CONSTRAINT fkbrpjvb8s92g0t6f8oh6oj895l FOREIGN KEY (user_id) REFERENCES public.user_entity(id);


--
-- TOC entry 3593 (class 2606 OID 27783)
-- Name: transaction_entity fkcbtmbg9ya3gen9oas48xpyorf; Type: FK CONSTRAINT; Schema: public; Owner: postgres
--

ALTER TABLE ONLY public.transaction_entity
    ADD CONSTRAINT fkcbtmbg9ya3gen9oas48xpyorf FOREIGN KEY (card_id) REFERENCES public.card_entity(id);


--
-- TOC entry 3594 (class 2606 OID 27807)
-- Name: subscription_entity fkckoo8jnsf7bkp8kceutmrg31h; Type: FK CONSTRAINT; Schema: public; Owner: postgres
--

ALTER TABLE ONLY public.subscription_entity
    ADD CONSTRAINT fkckoo8jnsf7bkp8kceutmrg31h FOREIGN KEY (user_id) REFERENCES public.user_entity(id);


--
-- TOC entry 3591 (class 2606 OID 27773)
-- Name: shared_card_entity fkdfeord2t2he3w7sah2d2hvobg; Type: FK CONSTRAINT; Schema: public; Owner: postgres
--

ALTER TABLE ONLY public.shared_card_entity
    ADD CONSTRAINT fkdfeord2t2he3w7sah2d2hvobg FOREIGN KEY (card_id) REFERENCES public.card_entity(id);


--
-- TOC entry 3589 (class 2606 OID 27768)
-- Name: notification_entity fkgemicmmtfy225vqj5li4u96lk; Type: FK CONSTRAINT; Schema: public; Owner: postgres
--

ALTER TABLE ONLY public.notification_entity
    ADD CONSTRAINT fkgemicmmtfy225vqj5li4u96lk FOREIGN KEY (user_id) REFERENCES public.user_entity(id);


--
-- TOC entry 3595 (class 2606 OID 27802)
-- Name: subscription_entity fkk1ejdboh4h1j6nl7t4w6b43gk; Type: FK CONSTRAINT; Schema: public; Owner: postgres
--

ALTER TABLE ONLY public.subscription_entity
    ADD CONSTRAINT fkk1ejdboh4h1j6nl7t4w6b43gk FOREIGN KEY (card_id) REFERENCES public.card_entity(id);


--
-- TOC entry 3588 (class 2606 OID 27763)
-- Name: messages_entity fkmnytxskq3hr37hd0ytkdk6si8; Type: FK CONSTRAINT; Schema: public; Owner: postgres
--

ALTER TABLE ONLY public.messages_entity
    ADD CONSTRAINT fkmnytxskq3hr37hd0ytkdk6si8 FOREIGN KEY (chat_id) REFERENCES public.chat_entity(id);


-- Completed on 2025-02-16 00:13:33 +03

--
-- PostgreSQL database dump complete
--

